{"0": [[[1.0, 1.0, 1.0, 1.0, 1.0, 1.0, 1.0, 1.0, 0, 0, 1.0, 1.0, 1.0, 1.0, 1.0, 1.0, 1.0]], [1], [[0.0013350248336791992, 0.9986649751663208]]], "1": [[[0.671, 1.0, 1.0, 1.0, 0.5, 0.5, 1.0, 1.0, 0, 0, 1.0, 1.0, 1.0, 1.0, 1.0, 1.0, 1.0], [0.329, 0.5, 0.5, 0.5, 0.5, 0.5, 0.883, 1.0, 0, 0, 1.0, 1.0, 0.878, 1.0, 0.49, 0.49, 0.49]], [1, 0], [[0.0017818808555603027, 0.9982181191444397], [0.5431803464889526, 0.45681968331336975]]], "2": [[[0.803, 1.0, 1.0, 1.0, 0.667, 0.5, 1.0, 1.0, 0, 0, 1.0, 1.0, 1.0, 1.0, 1.0, 1.0, 1.0], [0.197, 0.5, 0.5, 0.5, 0.333, 0.5, 0.883, 1.0, 0, 0, 1.0, 1.0, 0.878, 1.0, 0.49, 0.49, 0.49]], [1, 0], [[0.0013638138771057129, 0.9986361861228943], [0.5841492414474487, 0.41585075855255127]]], "3": [[[0.671, 1.0, 1.0, 1.0, 0.5, 0.5, 1.0, 0.866, 1, 1, 1.0, 1.0, 1.0, 1.0, 1.0, 1.0, 1.0], [0.329, 0.5, 0.5, 0.5, 0.5, 0.5, 1.0, 0.935, 1, 1, 1.0, 1.0, 1.0, 1.0, 0.49, 0.49, 0.49]], [1, 1], [[0.0015069246292114258, 0.9984930753707886], [0.003499627113342285, 0.9965003728866577]]], "4": [[[1.0, 1.0, 1.0, 1.0, 1.0, 1.0, 1.0, 1.0, 0, 0, 1.0, 1.0, 1.0, 1.0, 1.0, 1.0, 1.0]], [1], [[0.0015941262245178223, 0.9984058737754822]]], "5": [[[0.671, 1.0, 1.0, 1.0, 0.5, 0.5, 1.0, 1.0, 0, 0, 1.0, 1.0, 1.0, 1.0, 1.0, 1.0, 1.0], [0.329, 0.5, 0.5, 0.5, 0.5, 0.5, 0.94, 1.0, 0, 0, 1.0, 1.0, 0.878, 1.0, 0.49, 0.49, 0.49]], [1, 1], [[0.0019041895866394043, 0.9980958104133606], [0.14345872402191162, 0.8565412759780884]]], "6": [[[0.803, 1.0, 1.0, 1.0, 0.667, 0.5, 1.0, 1.0, 0, 0, 1.0, 1.0, 1.0, 1.0, 1.0, 1.0, 1.0], [0.197, 0.5, 0.5, 0.5, 0.333, 0.5, 0.94, 1.0, 0, 0, 1.0, 1.0, 0.878, 1.0, 0.49, 0.49, 0.49]], [1, 1], [[0.0015693306922912598, 0.9984306693077087], [0.15922492742538452, 0.8407750725746155]]], "7": [[[0.671, 1.0, 1.0, 1.0, 0.5, 0.5, 1.0, 0.866, 1, 1, 1.0, 1.0, 1.0, 1.0, 1.0, 1.0, 1.0], [0.329, 0.5, 0.5, 0.5, 0.5, 0.5, 1.0, 0.935, 1, 1, 1.0, 1.0, 1.0, 1.0, 0.49, 0.49, 0.49]], [1, 1], [[0.001864790916442871, 0.9981352090835571], [0.0036437511444091797, 0.9963562488555908]]]}