{"0": [[[1.0, 1.0, 1.0, 1.0, 1.0, 1.0, 1.0, 0, 1.0, 0, 0, 1.0, 0.67, 1.0, 0.0, 1.0, 1.0, 1.0, 1.0, 1, 1.0, 1, 1, 1.0, 0.0]], [1], [[0.04539376497268677, 0.9546062350273132]]], "1": [[[0.67, 1.0, 1.0, 1.0, 0.5, 0.5, 1.0, 0, 1.0, 0, 0, 1.0, 1.0, 1.0, 1.0, 1.0, 1.0, 1.0, 1.0, 1, 1.0, 1, 1, 1.0, 1.0], [0.33, 0.5, 0.5, 0.5, 0.5, 0.5, 0.91, 0, 1.0, 0, 0, 1.0, 0.67, 0.9, 0.0, 0.49, 0.49, 0.49, 1.0, 1, 0.89, 0, 1, 0.76, 0.0]], [1, 0], [[0.003957867622375488, 0.9960421323776245], [0.9314864873886108, 0.06851350516080856]]], "2": [[[0.8, 1.0, 1.0, 1.0, 0.67, 0.5, 1.0, 0, 1.0, 0, 0, 1.0, 1.0, 1.0, 1.0, 1.0, 1.0, 1.0, 1.0, 1, 1.0, 1, 1, 1.0, 1.0], [0.2, 0.5, 0.5, 0.5, 0.33, 0.5, 0.91, 0, 1.0, 0, 0, 1.0, 0.67, 0.9, 0.0, 0.49, 0.49, 0.49, 1.0, 1, 0.89, 0, 1, 0.76, 0.0]], [1, 0], [[0.002995431423187256, 0.9970045685768127], [0.9335508942604065, 0.06644908338785172]]], "3": [[[0.67, 1.0, 1.0, 1.0, 0.5, 0.5, 1.0, 1, 0.87, 1, 1, 1.0, 1.0, 1.0, 1.0, 1.0, 1.0, 1.0, 1.0, 1, 1.0, 1, 1, 1.0, 0.0], [0.33, 0.5, 0.5, 0.5, 0.5, 0.5, 1.0, 1, 0.94, 1, 1, 1.0, 1.0, 1.0, 1.0, 0.49, 0.49, 0.49, 1.0, 1, 1.0, 0, 1, 1.0, 1.0]], [1, 0], [[0.04526597261428833, 0.9547340273857117], [0.9555842876434326, 0.04441572353243828]]], "4": [[[1.0, 1.0, 1.0, 1.0, 1.0, 1.0, 0.99, 0, 1.0, 0, 0, 1.0, 0.67, 1.0, 0.0, 1.0, 1.0, 1.0, 1.0, 0, 1.0, 1, 1, 1.0, 0.0]], [1], [[0.04539376497268677, 0.9546062350273132]]], "5": [[[0.67, 1.0, 1.0, 1.0, 0.5, 0.5, 1.0, 0, 1.0, 0, 0, 1.0, 1.0, 1.0, 1.0, 1.0, 1.0, 1.0, 1.0, 0, 1.0, 1, 1, 1.0, 1.0], [0.33, 0.5, 0.5, 0.5, 0.5, 0.5, 0.94, 0, 1.0, 0, 0, 1.0, 0.67, 0.9, 0.0, 0.49, 0.49, 0.49, 1.0, 0, 0.89, 0, 1, 0.76, 0.0]], [1, 0], [[0.003957867622375488, 0.9960421323776245], [0.9374855756759644, 0.06251443922519684]]], "6": [[[0.8, 1.0, 1.0, 1.0, 0.67, 0.5, 1.0, 0, 1.0, 0, 0, 1.0, 1.0, 1.0, 1.0, 1.0, 1.0, 1.0, 1.0, 0, 1.0, 1, 1, 1.0, 1.0], [0.2, 0.5, 0.5, 0.5, 0.33, 0.5, 0.94, 0, 1.0, 0, 0, 1.0, 0.67, 0.9, 0.0, 0.49, 0.49, 0.49, 1.0, 0, 0.89, 0, 1, 0.76, 0.0]], [1, 0], [[0.002995431423187256, 0.9970045685768127], [0.939380943775177, 0.060619037598371506]]], "7": [[[0.67, 1.0, 1.0, 1.0, 0.5, 0.5, 1.0, 1, 0.87, 1, 1, 1.0, 1.0, 1.0, 1.0, 1.0, 1.0, 1.0, 1.0, 0, 1.0, 1, 1, 1.0, 0.0], [0.33, 0.5, 0.5, 0.5, 0.5, 0.5, 1.0, 1, 0.94, 1, 1, 1.0, 1.0, 1.0, 1.0, 0.49, 0.49, 0.49, 1.0, 0, 1.0, 0, 1, 1.0, 1.0]], [1, 0], [[0.04526597261428833, 0.9547340273857117], [0.9555842876434326, 0.04441572353243828]]]}