{"0": [[[1.0, 1.0, 1.0, 1.0, 1.0, 1.0, 1.0, 1.0, 0, 0, 1.0, 1.0, 1.0, 1.0, 1.0, 1.0, 1.0]], [1], [[0.007264852523803711, 0.9927351474761963]]], "1": [[[0.671, 1.0, 1.0, 1.0, 0.5, 0.5, 1.0, 1.0, 0, 0, 1.0, 1.0, 1.0, 1.0, 1.0, 1.0, 1.0], [0.329, 0.5, 0.5, 0.5, 0.5, 0.5, 0.852, 1.0, 0, 0, 1.0, 1.0, 0.849, 1.0, 0.49, 0.49, 0.49]], [1, 0], [[0.021471917629241943, 0.9785280823707581], [0.7815459370613098, 0.21845406293869019]]], "2": [[[0.803, 1.0, 1.0, 1.0, 0.667, 0.5, 1.0, 1.0, 0, 0, 1.0, 1.0, 1.0, 1.0, 1.0, 1.0, 1.0], [0.197, 0.5, 0.5, 0.5, 0.333, 0.5, 0.852, 1.0, 0, 0, 1.0, 1.0, 0.849, 1.0, 0.49, 0.49, 0.49]], [1, 0], [[0.013988077640533447, 0.9860119223594666], [0.8091838359832764, 0.19081617891788483]]], "3": [[[0.671, 1.0, 1.0, 1.0, 0.5, 0.5, 1.0, 0.866, 1, 1, 1.0, 1.0, 1.0, 1.0, 1.0, 1.0, 1.0], [0.329, 0.5, 0.5, 0.5, 0.5, 0.5, 1.0, 0.935, 1, 1, 1.0, 1.0, 1.0, 1.0, 0.49, 0.49, 0.49]], [1, 1], [[0.016661643981933594, 0.9833383560180664], [0.03420138359069824, 0.9657986164093018]]]}