{"0": [[[1.0, 1.0, 1.0, 1.0, 1.0, 1.0, 1.0, 1.0, 0, 0, 1.0, 1.0, 1.0, 1.0, 1.0, 1.0, 1.0]], [1], [[0.00192946195602417, 0.9980705380439758]]], "1": [[[0.671, 1.0, 1.0, 1.0, 0.5, 0.5, 1.0, 1.0, 0, 0, 1.0, 1.0, 1.0, 1.0, 1.0, 1.0, 1.0], [0.329, 0.5, 0.5, 0.5, 0.5, 0.5, 0.883, 1.0, 0, 0, 1.0, 1.0, 0.878, 1.0, 0.49, 0.49, 0.49]], [1, 0], [[0.002593815326690674, 0.9974061846733093], [0.5855461955070496, 0.41445380449295044]]], "2": [[[0.803, 1.0, 1.0, 1.0, 0.667, 0.5, 1.0, 1.0, 0, 0, 1.0, 1.0, 1.0, 1.0, 1.0, 1.0, 1.0], [0.197, 0.5, 0.5, 0.5, 0.333, 0.5, 0.883, 1.0, 0, 0, 1.0, 1.0, 0.878, 1.0, 0.49, 0.49, 0.49]], [1, 0], [[0.002115786075592041, 0.997884213924408], [0.6631854772567749, 0.3368145227432251]]], "3": [[[0.671, 1.0, 1.0, 1.0, 0.5, 0.5, 1.0, 0.866, 1, 1, 1.0, 1.0, 1.0, 1.0, 1.0, 1.0, 1.0], [0.329, 0.5, 0.5, 0.5, 0.5, 0.5, 1.0, 0.935, 1, 1, 1.0, 1.0, 1.0, 1.0, 0.49, 0.49, 0.49]], [1, 1], [[0.0019118189811706543, 0.9980881810188293], [0.004706084728240967, 0.995293915271759]]]}