{"0": [[1], [[0.07049202919006348, 0.9295079708099365]]], "1": [[1, 0], [[0.3210063576698303, 0.6789936423301697], [0.8959492444992065, 0.10405074059963226]]], "2": [[1, 0], [[0.02883058786392212, 0.9711694121360779], [0.8977620005607605, 0.1022380068898201]]]}