{"0": [[[1.0, 1.0, 1.0, 1.0, 1.0, 1.0, 1.0, 0, 1.0, 0, 0, 1.0, 1.0, 1.0, 1.0, 1.0, 1.0, 1.0]], [1], [[0.0015014410018920898, 0.9984985589981079]]], "1": [[[0.67, 1.0, 1.0, 1.0, 0.5, 0.5, 1.0, 0, 1.0, 0, 0, 1.0, 1.0, 1.0, 1.0, 1.0, 1.0, 1.0], [0.33, 0.5, 0.5, 0.5, 0.5, 0.5, 0.9, 0, 1.0, 0, 0, 1.0, 1.0, 0.9, 1.0, 0.49, 0.49, 0.49]], [1, 1], [[0.0018480420112609863, 0.998151957988739], [0.37488770484924316, 0.6251122951507568]]], "2": [[[0.8, 1.0, 1.0, 1.0, 0.67, 0.5, 1.0, 0, 1.0, 0, 0, 1.0, 1.0, 1.0, 1.0, 1.0, 1.0, 1.0], [0.2, 0.5, 0.5, 0.5, 0.33, 0.5, 0.9, 0, 1.0, 0, 0, 1.0, 1.0, 0.9, 1.0, 0.49, 0.49, 0.49]], [1, 1], [[0.0017399191856384277, 0.9982600808143616], [0.39720213413238525, 0.6027978658676147]]], "3": [[[0.67, 1.0, 1.0, 1.0, 0.5, 0.5, 1.0, 1, 0.87, 1, 1, 1.0, 1.0, 1.0, 1.0, 1.0, 1.0, 1.0], [0.33, 0.5, 0.5, 0.5, 0.5, 0.5, 1.0, 1, 0.94, 1, 1, 1.0, 1.0, 1.0, 1.0, 0.49, 0.49, 0.49]], [1, 1], [[0.0018922090530395508, 0.9981077909469604], [0.004554867744445801, 0.9954451322555542]]], "4": [[[1.0, 1.0, 1.0, 1.0, 1.0, 1.0, 1.0, 0, 1.0, 0, 0, 1.0, 1.0, 1.0, 1.0, 1.0, 1.0, 1.0]], [1], [[0.001790761947631836, 0.9982092380523682]]], "5": [[[0.67, 1.0, 1.0, 1.0, 0.5, 0.5, 1.0, 0, 1.0, 0, 0, 1.0, 1.0, 1.0, 1.0, 1.0, 1.0, 1.0], [0.33, 0.5, 0.5, 0.5, 0.5, 0.5, 0.94, 0, 1.0, 0, 0, 1.0, 1.0, 0.9, 1.0, 0.49, 0.49, 0.49]], [1, 1], [[0.002004265785217285, 0.9979957342147827], [0.29442310333251953, 0.7055768966674805]]], "6": [[[0.8, 1.0, 1.0, 1.0, 0.67, 0.5, 1.0, 0, 1.0, 0, 0, 1.0, 1.0, 1.0, 1.0, 1.0, 1.0, 1.0], [0.2, 0.5, 0.5, 0.5, 0.33, 0.5, 0.94, 0, 1.0, 0, 0, 1.0, 1.0, 0.9, 1.0, 0.49, 0.49, 0.49]], [1, 1], [[0.0019272565841674805, 0.9980727434158325], [0.35186368227005005, 0.64813631772995]]], "7": [[[0.67, 1.0, 1.0, 1.0, 0.5, 0.5, 1.0, 1, 0.87, 1, 1, 1.0, 1.0, 1.0, 1.0, 1.0, 1.0, 1.0], [0.33, 0.5, 0.5, 0.5, 0.5, 0.5, 1.0, 1, 0.94, 1, 1, 1.0, 1.0, 1.0, 1.0, 0.49, 0.49, 0.49]], [1, 1], [[0.0021443963050842285, 0.9978556036949158], [0.004101812839508057, 0.9958981871604919]]]}