{"0": [[[1.0, 1.0, 1.0, 1.0, 1.0, 1.0, 0.99, 0.0, 1.0, 0.0, 0.0, 1.0, 0.67, 1.0, 0.0, 1.0, 1.0, 1.0, 1.0, 1.0, 1.0, 1.0, 1.0, 0.66, 1.0, 0.5, 0.0, 0.0, 1.0]], [1], [[0.0045771002769470215, 0.995422899723053]]], "1": [[[0.67, 1.0, 1.0, 1.0, 0.5, 0.5, 1.0, 0.0, 1.0, 0.0, 0.0, 1.0, 1.0, 1.0, 1.0, 1.0, 1.0, 1.0, 1.0, 1.0, 1.0, 1.0, 1.0, 0.66, 1.0, 1.0, 1.0, 1.0, 0.82], [0.33, 0.5, 0.5, 0.5, 0.5, 0.5, 0.94, 0.0, 1.0, 0.0, 0.0, 1.0, 0.67, 0.9, 0.0, 0.49, 0.49, 0.49, 1.0, 1.0, 0.89, 0.0, 1.0, 0.23, 0.76, 0.5, 0.0, 0.0, 0.82]], [1, 0], [[0.003913521766662598, 0.9960864782333374], [0.7787930965423584, 0.2212069034576416]]], "2": [[[0.8, 1.0, 1.0, 1.0, 0.67, 0.5, 1.0, 0.0, 1.0, 0.0, 0.0, 1.0, 1.0, 1.0, 1.0, 1.0, 1.0, 1.0, 1.0, 1.0, 1.0, 1.0, 1.0, 0.66, 1.0, 1.0, 1.0, 1.0, 0.82], [0.2, 0.5, 0.5, 0.5, 0.33, 0.5, 0.94, 0.0, 1.0, 0.0, 0.0, 1.0, 0.67, 0.9, 0.0, 0.49, 0.49, 0.49, 1.0, 1.0, 0.89, 0.0, 1.0, 0.23, 0.76, 0.5, 0.0, 0.0, 0.82]], [1, 0], [[0.0029206275939941406, 0.9970793724060059], [0.8103572130203247, 0.1896428018808365]]], "3": [[[0.67, 1.0, 1.0, 1.0, 0.5, 0.5, 1.0, 1.0, 0.87, 1.0, 1.0, 1.0, 1.0, 1.0, 1.0, 1.0, 1.0, 1.0, 1.0, 1.0, 1.0, 1.0, 1.0, 0.96, 1.0, 0.5, 0.0, 1.0, 1.0], [0.33, 0.5, 0.5, 0.5, 0.5, 0.5, 1.0, 1.0, 0.94, 1.0, 1.0, 1.0, 1.0, 1.0, 1.0, 0.49, 0.49, 0.49, 1.0, 1.0, 1.0, 0.0, 1.0, 0.0, 1.0, 0.5, 0.0, 1.0, 0.82]], [1, 0], [[0.003540217876434326, 0.9964597821235657], [0.9529366493225098, 0.04706334322690964]]], "4": [[[1.0, 1.0, 1.0, 1.0, 1.0, 1.0, 0.99, 0.0, 1.0, 0.0, 0.0, 1.0, 0.67, 1.0, 0.0, 1.0, 1.0, 1.0, 1.0, 0.0, 1.0, 1.0, 1.0, 0.66, 1.0, 0.5, 0.0, 0.0, 1.0]], [1], [[0.0045771002769470215, 0.995422899723053]]], "5": [[[0.67, 1.0, 1.0, 1.0, 0.5, 0.5, 1.0, 0.0, 1.0, 0.0, 0.0, 1.0, 1.0, 1.0, 1.0, 1.0, 1.0, 1.0, 1.0, 0.0, 1.0, 1.0, 1.0, 0.66, 1.0, 1.0, 1.0, 1.0, 0.82], [0.33, 0.5, 0.5, 0.5, 0.5, 0.5, 0.94, 0.0, 1.0, 0.0, 0.0, 1.0, 0.67, 0.9, 0.0, 0.49, 0.49, 0.49, 1.0, 0.0, 0.89, 0.0, 1.0, 0.23, 0.76, 0.5, 0.0, 0.0, 0.82]], [1, 0], [[0.003913521766662598, 0.9960864782333374], [0.7874184846878052, 0.21258148550987244]]], "6": [[[0.8, 1.0, 1.0, 1.0, 0.67, 0.5, 1.0, 0.0, 1.0, 0.0, 0.0, 1.0, 1.0, 1.0, 1.0, 1.0, 1.0, 1.0, 1.0, 0.0, 1.0, 1.0, 1.0, 0.66, 1.0, 1.0, 1.0, 1.0, 0.82], [0.2, 0.5, 0.5, 0.5, 0.33, 0.5, 0.94, 0.0, 1.0, 0.0, 0.0, 1.0, 0.67, 0.9, 0.0, 0.49, 0.49, 0.49, 1.0, 0.0, 0.89, 0.0, 1.0, 0.23, 0.76, 0.5, 0.0, 0.0, 0.82]], [1, 0], [[0.0029206275939941406, 0.9970793724060059], [0.8180394172668457, 0.1819605827331543]]], "7": [[[0.67, 1.0, 1.0, 1.0, 0.5, 0.5, 1.0, 1.0, 0.87, 1.0, 1.0, 1.0, 1.0, 1.0, 1.0, 1.0, 1.0, 1.0, 1.0, 0.0, 1.0, 1.0, 1.0, 0.96, 1.0, 0.5, 0.0, 1.0, 1.0], [0.33, 0.5, 0.5, 0.5, 0.5, 0.5, 1.0, 1.0, 0.94, 1.0, 1.0, 1.0, 1.0, 1.0, 1.0, 0.49, 0.49, 0.49, 1.0, 0.0, 1.0, 0.0, 1.0, 0.0, 1.0, 0.5, 0.0, 1.0, 0.82]], [1, 0], [[0.003540217876434326, 0.9964597821235657], [0.9529366493225098, 0.04706334322690964]]]}