{"0": [[[1.0, 1.0, 1.0, 1.0, 1.0, 1.0, 1.0, 0, 1.0, 0, 0, 1.0, 1.0, 1.0, 1.0, 1.0, 1.0, 1.0, 1.0, 1, 1.0, 1, 1, 1.0]], [1], [[0.0012905597686767578, 0.9987094402313232]]], "1": [[[0.67, 1.0, 1.0, 1.0, 0.5, 0.5, 1.0, 0, 1.0, 0, 0, 1.0, 1.0, 1.0, 1.0, 1.0, 1.0, 1.0, 1.0, 1, 1.0, 1, 1, 1.0], [0.33, 0.5, 0.5, 0.5, 0.5, 0.5, 0.9, 0, 1.0, 0, 0, 1.0, 1.0, 0.9, 1.0, 0.49, 0.49, 0.49, 1.0, 1, 1.0, 0, 1, 0.76]], [1, 0], [[0.001828312873840332, 0.9981716871261597], [0.6393634676933289, 0.36063653230667114]]], "2": [[[0.8, 1.0, 1.0, 1.0, 0.67, 0.5, 1.0, 0, 1.0, 0, 0, 1.0, 1.0, 1.0, 1.0, 1.0, 1.0, 1.0, 1.0, 1, 1.0, 1, 1, 1.0], [0.2, 0.5, 0.5, 0.5, 0.33, 0.5, 0.9, 0, 1.0, 0, 0, 1.0, 1.0, 0.9, 1.0, 0.49, 0.49, 0.49, 1.0, 1, 1.0, 0, 1, 0.76]], [1, 0], [[0.0018101334571838379, 0.9981898665428162], [0.6456197500228882, 0.35438022017478943]]], "3": [[[0.67, 1.0, 1.0, 1.0, 0.5, 0.5, 1.0, 1, 0.87, 1, 1, 1.0, 1.0, 1.0, 1.0, 1.0, 1.0, 1.0, 1.0, 1, 1.0, 1, 1, 1.0], [0.33, 0.5, 0.5, 0.5, 0.5, 0.5, 1.0, 1, 0.94, 1, 1, 1.0, 1.0, 1.0, 1.0, 0.49, 0.49, 0.49, 1.0, 1, 1.0, 0, 1, 1.0]], [1, 0], [[0.001838386058807373, 0.9981616139411926], [0.9554022550582886, 0.04459774121642113]]], "4": [[[1.0, 1.0, 1.0, 1.0, 1.0, 1.0, 1.0, 0, 1.0, 0, 0, 1.0, 1.0, 1.0, 1.0, 1.0, 1.0, 1.0, 1.0, 0, 1.0, 1, 1, 1.0]], [1], [[0.0012905597686767578, 0.9987094402313232]]], "5": [[[0.67, 1.0, 1.0, 1.0, 0.5, 0.5, 1.0, 0, 1.0, 0, 0, 1.0, 1.0, 1.0, 1.0, 1.0, 1.0, 1.0, 1.0, 0, 1.0, 1, 1, 1.0], [0.33, 0.5, 0.5, 0.5, 0.5, 0.5, 0.94, 0, 1.0, 0, 0, 1.0, 1.0, 0.9, 1.0, 0.49, 0.49, 0.49, 1.0, 0, 1.0, 0, 1, 0.76]], [1, 0], [[0.001828312873840332, 0.9981716871261597], [0.7304359674453735, 0.2695640027523041]]], "6": [[[0.8, 1.0, 1.0, 1.0, 0.67, 0.5, 1.0, 0, 1.0, 0, 0, 1.0, 1.0, 1.0, 1.0, 1.0, 1.0, 1.0, 1.0, 0, 1.0, 1, 1, 1.0], [0.2, 0.5, 0.5, 0.5, 0.33, 0.5, 0.94, 0, 1.0, 0, 0, 1.0, 1.0, 0.9, 1.0, 0.49, 0.49, 0.49, 1.0, 0, 1.0, 0, 1, 0.76]], [1, 0], [[0.0018101334571838379, 0.9981898665428162], [0.7357653379440308, 0.26423466205596924]]], "7": [[[0.67, 1.0, 1.0, 1.0, 0.5, 0.5, 1.0, 1, 0.87, 1, 1, 1.0, 1.0, 1.0, 1.0, 1.0, 1.0, 1.0, 1.0, 0, 1.0, 1, 1, 1.0], [0.33, 0.5, 0.5, 0.5, 0.5, 0.5, 1.0, 1, 0.94, 1, 1, 1.0, 1.0, 1.0, 1.0, 0.49, 0.49, 0.49, 1.0, 0, 1.0, 0, 1, 1.0]], [1, 0], [[0.001838386058807373, 0.9981616139411926], [0.9554022550582886, 0.04459774121642113]]]}