{"0": [[[1.0, 1.0, 1.0, 1.0, 1.0, 1.0, 1.0, 1.0, 1.0, 1.0, 1.0, 1.0, 0, 0, 1.0, 1.0]], [1], [[0.004507660865783691, 0.9954923391342163]]], "1": [[[0.6709368813459621, 1.0, 0.6709368813459621, 1.0, 0.6709368813459621, 1.0, 0.6709368813459621, 0.5, 1.0, 0.5, 1.0, 1.0, 0, 0, 1.0, 1.0], [0.329063118654038, 0.5, 0.329063118654038, 0.5, 0.329063118654038, 0.5, 0.329063118654038, 0.5, 0.49045316750795787, 0.5, 0.852, 1.0, 0, 0, 0.86, 1.0]], [1, 0], [[0.004534304141998291, 0.9954656958580017], [0.9523781538009644, 0.04762183874845505]]], "2": [[[0.8354684406729811, 1.0, 1.0, 1.0, 0.6709368813459621, 1.0, 0.8354684406729811, 0.6666666666666666, 1.0, 0.5, 1.0, 1.0, 0, 0, 1.0, 1.0], [0.164531559327019, 0.5, 0.329063118654038, 0.5, 0.329063118654038, 0.5, 0.329063118654038, 0.3333333333333333, 0.329063118654038, 0.5, 0.852, 1.0, 0, 0, 0.86, 1.0]], [1, 0], [[0.004534304141998291, 0.9954656958580017], [0.9559692144393921, 0.04403078928589821]]]}