{"0": [[[1.0, 1.0, 1.0, 1.0, 1.0, 1.0, 1.0, 1.0, 0, 0, 1.0, 1.0, 1.0, 0.0, 1.0, 1.0, 1.0, 1.0, 1.0]], [1], [[0.0020384788513183594, 0.9979615211486816]]], "1": [[[0.671, 1.0, 1.0, 1.0, 0.5, 0.5, 1.0, 1.0, 0, 0, 1.0, 1.0, 1.0, 0.0, 1.0, 1.0, 1.0, 1.0, 1.0], [0.329, 0.5, 0.5, 0.5, 0.5, 0.5, 0.852, 1.0, 0, 0, 0.86, 1.0, 1.0, 0.0, 0.849, 1.0, 0.49, 0.49, 0.49]], [1, 0], [[0.006314575672149658, 0.9936854243278503], [0.7760255336761475, 0.22397449612617493]]], "2": [[[0.835, 1.0, 1.0, 1.0, 0.667, 0.5, 1.0, 1.0, 0, 0, 1.0, 1.0, 1.0, 0.0, 1.0, 1.0, 1.0, 0.671, 0.835], [0.165, 0.5, 0.5, 0.5, 0.333, 0.5, 0.852, 1.0, 0, 0, 0.86, 1.0, 1.0, 0.0, 0.849, 1.0, 0.329, 0.329, 0.329]], [1, 0], [[0.003966867923736572, 0.9960331320762634], [0.8192659616470337, 0.18073400855064392]]]}