{"0": [[[1.0, 1.0, 1.0, 1.0, 1.0, 1.0, 0.99, 0.0, 1.0, 0.0, 0.0, 1.0, 0.67, 1.0, 0.0, 1.0, 1.0, 1.0, 1.0, 1.0, 1.0, 1.0, 1.0, 0.66, 1.0, 0.5, 0.0, 0.0, 1.0, 1.0, 1.0]], [1], [[0.00431668758392334, 0.9956833124160767]]], "1": [[[0.67, 1.0, 1.0, 1.0, 0.5, 0.5, 1.0, 0.0, 1.0, 0.0, 0.0, 1.0, 1.0, 1.0, 1.0, 1.0, 1.0, 1.0, 1.0, 1.0, 1.0, 1.0, 1.0, 0.66, 1.0, 1.0, 1.0, 1.0, 0.82, 1.0, 1.0], [0.33, 0.5, 0.5, 0.5, 0.5, 0.5, 0.94, 0.0, 1.0, 0.0, 0.0, 1.0, 0.67, 0.9, 0.0, 0.49, 0.49, 0.49, 1.0, 1.0, 0.89, 0.0, 1.0, 0.23, 0.76, 0.5, 0.0, 0.0, 0.82, 1.0, 1.0]], [1, 0], [[0.0025603771209716797, 0.9974396228790283], [0.7387755513191223, 0.2612244486808777]]], "2": [[[0.8, 1.0, 1.0, 1.0, 0.67, 0.5, 1.0, 0.0, 1.0, 0.0, 0.0, 1.0, 1.0, 1.0, 1.0, 1.0, 1.0, 1.0, 1.0, 1.0, 1.0, 1.0, 1.0, 0.66, 1.0, 1.0, 1.0, 1.0, 0.82, 1.0, 2.0], [0.2, 0.5, 0.5, 0.5, 0.33, 0.5, 0.94, 0.0, 1.0, 0.0, 0.0, 1.0, 0.67, 0.9, 0.0, 0.49, 0.49, 0.49, 1.0, 1.0, 0.89, 0.0, 1.0, 0.23, 0.76, 0.5, 0.0, 0.0, 0.82, 0.5, 2.0]], [1, 0], [[0.0019811391830444336, 0.9980188608169556], [0.7681712508201599, 0.23182876408100128]]], "3": [[[0.67, 1.0, 1.0, 1.0, 0.5, 0.5, 1.0, 1.0, 0.87, 1.0, 1.0, 1.0, 1.0, 1.0, 1.0, 1.0, 1.0, 1.0, 1.0, 1.0, 1.0, 1.0, 1.0, 0.96, 1.0, 0.5, 0.0, 1.0, 1.0, 1.0, 1.0], [0.33, 0.5, 0.5, 0.5, 0.5, 0.5, 1.0, 1.0, 0.94, 1.0, 1.0, 1.0, 1.0, 1.0, 1.0, 0.49, 0.49, 0.49, 1.0, 1.0, 1.0, 0.0, 1.0, 0.0, 1.0, 0.5, 0.0, 1.0, 0.82, 1.0, 1.0]], [1, 0], [[0.00206601619720459, 0.9979339838027954], [0.9458510875701904, 0.05414891988039017]]], "4": [[[1.0, 1.0, 1.0, 1.0, 1.0, 1.0, 0.99, 0.0, 1.0, 0.0, 0.0, 1.0, 0.67, 1.0, 0.0, 1.0, 1.0, 1.0, 1.0, 0.0, 1.0, 1.0, 1.0, 0.66, 1.0, 0.5, 0.0, 0.0, 1.0, 1.0, 1.0]], [1], [[0.00431668758392334, 0.9956833124160767]]], "5": [[[0.67, 1.0, 1.0, 1.0, 0.5, 0.5, 1.0, 0.0, 1.0, 0.0, 0.0, 1.0, 1.0, 1.0, 1.0, 1.0, 1.0, 1.0, 1.0, 0.0, 1.0, 1.0, 1.0, 0.66, 1.0, 1.0, 1.0, 1.0, 0.82, 1.0, 1.0], [0.33, 0.5, 0.5, 0.5, 0.5, 0.5, 0.94, 0.0, 1.0, 0.0, 0.0, 1.0, 0.67, 0.9, 0.0, 0.49, 0.49, 0.49, 1.0, 0.0, 0.89, 0.0, 1.0, 0.23, 0.76, 0.5, 0.0, 0.0, 0.82, 1.0, 1.0]], [1, 0], [[0.0025603771209716797, 0.9974396228790283], [0.7480071783065796, 0.2519928216934204]]], "6": [[[0.8, 1.0, 1.0, 1.0, 0.67, 0.5, 1.0, 0.0, 1.0, 0.0, 0.0, 1.0, 1.0, 1.0, 1.0, 1.0, 1.0, 1.0, 1.0, 0.0, 1.0, 1.0, 1.0, 0.66, 1.0, 1.0, 1.0, 1.0, 0.82, 1.0, 2.0], [0.2, 0.5, 0.5, 0.5, 0.33, 0.5, 0.94, 0.0, 1.0, 0.0, 0.0, 1.0, 0.67, 0.9, 0.0, 0.49, 0.49, 0.49, 1.0, 0.0, 0.89, 0.0, 1.0, 0.23, 0.76, 0.5, 0.0, 0.0, 0.82, 0.5, 2.0]], [1, 0], [[0.0019811391830444336, 0.9980188608169556], [0.7766780853271484, 0.22332191467285156]]], "7": [[[0.67, 1.0, 1.0, 1.0, 0.5, 0.5, 1.0, 1.0, 0.87, 1.0, 1.0, 1.0, 1.0, 1.0, 1.0, 1.0, 1.0, 1.0, 1.0, 0.0, 1.0, 1.0, 1.0, 0.96, 1.0, 0.5, 0.0, 1.0, 1.0, 1.0, 1.0], [0.33, 0.5, 0.5, 0.5, 0.5, 0.5, 1.0, 1.0, 0.94, 1.0, 1.0, 1.0, 1.0, 1.0, 1.0, 0.49, 0.49, 0.49, 1.0, 0.0, 1.0, 0.0, 1.0, 0.0, 1.0, 0.5, 0.0, 1.0, 0.82, 1.0, 1.0]], [1, 0], [[0.00206601619720459, 0.9979339838027954], [0.9458510875701904, 0.05414891988039017]]]}