{"0": [[[1.0, 1.0, 1.0, 1.0, 1.0, 1.0, 0.99, 0.0, 1.0, 0.0, 0.0, 1.0, 0.67, 1.0, 0.0, 1.0, 1.0, 1.0, 1.0, 1.0, 1.0, 1.0, 1.0, 0.66, 1.0, 0.5, 0.0, 0.0, 1.0, 0.8, 1.0, 1.0]], [1], [[0.013153612613677979, 0.986846387386322]]], "1": [[[0.67, 1.0, 1.0, 1.0, 0.5, 0.5, 1.0, 0.0, 1.0, 0.0, 0.0, 1.0, 1.0, 1.0, 1.0, 1.0, 1.0, 1.0, 1.0, 1.0, 1.0, 1.0, 1.0, 0.66, 1.0, 1.0, 1.0, 1.0, 0.82, 0.8, 1.0, 1.0], [0.33, 0.5, 0.5, 0.5, 0.5, 0.5, 0.94, 0.0, 1.0, 0.0, 0.0, 1.0, 0.67, 0.9, 0.0, 0.49, 0.49, 0.49, 1.0, 1.0, 0.89, 0.0, 1.0, 0.23, 0.76, 0.5, 0.0, 0.0, 0.82, 0.8, 1.0, 1.0]], [1, 0], [[0.0062386393547058105, 0.9937613606452942], [0.7163803577423096, 0.2836196720600128]]], "2": [[[0.8, 1.0, 1.0, 1.0, 0.67, 0.5, 1.0, 0.0, 1.0, 0.0, 0.0, 1.0, 1.0, 1.0, 1.0, 1.0, 1.0, 1.0, 1.0, 1.0, 1.0, 1.0, 1.0, 0.66, 1.0, 1.0, 1.0, 1.0, 0.82, 0.8, 1.0, 2.0], [0.2, 0.5, 0.5, 0.5, 0.33, 0.5, 0.94, 0.0, 1.0, 0.0, 0.0, 1.0, 0.67, 0.9, 0.0, 0.49, 0.49, 0.49, 1.0, 1.0, 0.89, 0.0, 1.0, 0.23, 0.76, 0.5, 0.0, 0.0, 0.82, 0.8, 0.5, 2.0]], [1, 0], [[0.009421944618225098, 0.9905780553817749], [0.7687796354293823, 0.2312203347682953]]], "3": [[[0.67, 1.0, 1.0, 1.0, 0.5, 0.5, 1.0, 1.0, 0.87, 1.0, 1.0, 1.0, 1.0, 1.0, 1.0, 1.0, 1.0, 1.0, 1.0, 1.0, 1.0, 1.0, 1.0, 0.96, 1.0, 0.5, 0.0, 1.0, 1.0, 1.0, 1.0, 1.0], [0.33, 0.5, 0.5, 0.5, 0.5, 0.5, 1.0, 1.0, 0.94, 1.0, 1.0, 1.0, 1.0, 1.0, 1.0, 0.49, 0.49, 0.49, 1.0, 1.0, 1.0, 0.0, 1.0, 0.0, 1.0, 0.5, 0.0, 1.0, 0.82, 1.0, 1.0, 1.0]], [1, 0], [[0.005526363849639893, 0.9944736361503601], [0.8732885122299194, 0.12671147286891937]]], "4": [[[1.0, 1.0, 1.0, 1.0, 1.0, 1.0, 0.99, 0.0, 1.0, 0.0, 0.0, 1.0, 0.67, 1.0, 0.0, 1.0, 1.0, 1.0, 1.0, 0.0, 1.0, 1.0, 1.0, 0.66, 1.0, 0.5, 0.0, 0.0, 1.0, 0.8, 1.0, 1.0]], [1], [[0.013153612613677979, 0.986846387386322]]], "5": [[[0.67, 1.0, 1.0, 1.0, 0.5, 0.5, 1.0, 0.0, 1.0, 0.0, 0.0, 1.0, 1.0, 1.0, 1.0, 1.0, 1.0, 1.0, 1.0, 0.0, 1.0, 1.0, 1.0, 0.66, 1.0, 1.0, 1.0, 1.0, 0.82, 0.8, 1.0, 1.0], [0.33, 0.5, 0.5, 0.5, 0.5, 0.5, 0.94, 0.0, 1.0, 0.0, 0.0, 1.0, 0.67, 0.9, 0.0, 0.49, 0.49, 0.49, 1.0, 0.0, 0.89, 0.0, 1.0, 0.23, 0.76, 0.5, 0.0, 0.0, 0.82, 0.8, 1.0, 1.0]], [1, 0], [[0.0062386393547058105, 0.9937613606452942], [0.7337931394577026, 0.26620686054229736]]], "6": [[[0.8, 1.0, 1.0, 1.0, 0.67, 0.5, 1.0, 0.0, 1.0, 0.0, 0.0, 1.0, 1.0, 1.0, 1.0, 1.0, 1.0, 1.0, 1.0, 0.0, 1.0, 1.0, 1.0, 0.66, 1.0, 1.0, 1.0, 1.0, 0.82, 0.8, 1.0, 2.0], [0.2, 0.5, 0.5, 0.5, 0.33, 0.5, 0.94, 0.0, 1.0, 0.0, 0.0, 1.0, 0.67, 0.9, 0.0, 0.49, 0.49, 0.49, 1.0, 0.0, 0.89, 0.0, 1.0, 0.23, 0.76, 0.5, 0.0, 0.0, 0.82, 0.8, 0.5, 2.0]], [1, 0], [[0.009421944618225098, 0.9905780553817749], [0.7839456796646118, 0.21605432033538818]]], "7": [[[0.67, 1.0, 1.0, 1.0, 0.5, 0.5, 1.0, 1.0, 0.87, 1.0, 1.0, 1.0, 1.0, 1.0, 1.0, 1.0, 1.0, 1.0, 1.0, 0.0, 1.0, 1.0, 1.0, 0.96, 1.0, 0.5, 0.0, 1.0, 1.0, 1.0, 1.0, 1.0], [0.33, 0.5, 0.5, 0.5, 0.5, 0.5, 1.0, 1.0, 0.94, 1.0, 1.0, 1.0, 1.0, 1.0, 1.0, 0.49, 0.49, 0.49, 1.0, 0.0, 1.0, 0.0, 1.0, 0.0, 1.0, 0.5, 0.0, 1.0, 0.82, 1.0, 1.0, 1.0]], [1, 0], [[0.005526363849639893, 0.9944736361503601], [0.8732885122299194, 0.12671147286891937]]]}