{"0": [[[1.0, 1.0, 1.0, 1.0, 1.0, 1.0, 1.0, 1.0, 0, 0, 1.0, 1.0, 1.0, 1.0, 1.0, 1.0, 1.0]], [1], [[0.0013603568077087402, 0.9986396431922913]]], "1": [[[0.671, 1.0, 1.0, 1.0, 0.5, 0.5, 1.0, 1.0, 0, 0, 1.0, 1.0, 1.0, 1.0, 1.0, 1.0, 1.0], [0.329, 0.5, 0.5, 0.5, 0.5, 0.5, 0.852, 1.0, 0, 0, 1.0, 1.0, 0.849, 1.0, 0.49, 0.49, 0.49]], [1, 0], [[0.003991365432739258, 0.9960086345672607], [0.6311712265014648, 0.36882877349853516]]], "2": [[[0.835, 1.0, 1.0, 1.0, 0.667, 0.5, 1.0, 1.0, 0, 0, 1.0, 1.0, 1.0, 1.0, 1.0, 0.671, 0.835], [0.165, 0.5, 0.5, 0.5, 0.333, 0.5, 0.852, 1.0, 0, 0, 1.0, 1.0, 0.849, 1.0, 0.329, 0.329, 0.329]], [1, 0], [[0.0023450851440429688, 0.997654914855957], [0.6584175825119019, 0.34158241748809814]]]}