{"0": [[[1.0, 1.0, 1.0, 1.0, 1.0, 1.0, 1.0, 1.0, 0, 0, 1.0, 1.0, 1.0, 1.0, 1.0, 1.0, 1.0]], [1], [[0.0013603568077087402, 0.9986396431922913]]], "1": [[[0.671, 1.0, 1.0, 1.0, 0.5, 0.5, 1.0, 1.0, 0, 0, 1.0, 1.0, 1.0, 1.0, 1.0, 1.0, 1.0], [0.329, 0.5, 0.5, 0.5, 0.5, 0.5, 0.852, 1.0, 0, 0, 1.0, 1.0, 0.849, 1.0, 0.49, 0.49, 0.49]], [1, 0], [[0.003991365432739258, 0.9960086345672607], [0.6311712265014648, 0.36882877349853516]]], "2": [[[0.803, 1.0, 1.0, 1.0, 0.667, 0.5, 1.0, 1.0, 0, 0, 1.0, 1.0, 1.0, 1.0, 1.0, 1.0, 1.0], [0.197, 0.5, 0.5, 0.5, 0.333, 0.5, 0.852, 1.0, 0, 0, 1.0, 1.0, 0.849, 1.0, 0.49, 0.49, 0.49]], [1, 0], [[0.002146422863006592, 0.9978535771369934], [0.6220990419387817, 0.37790095806121826]]], "3": [[[0.671, 1.0, 1.0, 1.0, 0.5, 0.5, 1.0, 0.866, 1, 1, 1.0, 1.0, 1.0, 1.0, 1.0, 1.0, 1.0], [0.329, 0.5, 0.5, 0.5, 0.5, 0.5, 1.0, 0.935, 1, 1, 1.0, 1.0, 1.0, 1.0, 0.49, 0.49, 0.49]], [1, 1], [[0.004215896129608154, 0.9957841038703918], [0.009822547435760498, 0.9901774525642395]]]}