{"0": [[[1.0, 1.0, 1.0, 1.0, 1.0, 1.0, 1.0, 0, 1.0, 0, 0, 1.0, 0.67, 1.0, 0.0, 1.0, 1.0, 1.0, 1.0, 1, 1.0, 1, 1, 0.66, 1.0, 0.5, 0]], [1], [[0.012491166591644287, 0.9875088334083557]]], "1": [[[0.67, 1.0, 1.0, 1.0, 0.5, 0.5, 1.0, 0, 1.0, 0, 0, 1.0, 1.0, 1.0, 1.0, 1.0, 1.0, 1.0, 1.0, 1, 1.0, 1, 1, 0.66, 1.0, 1.0, 1], [0.33, 0.5, 0.5, 0.5, 0.5, 0.5, 0.91, 0, 1.0, 0, 0, 1.0, 0.67, 0.9, 0.0, 0.49, 0.49, 0.49, 1.0, 1, 0.89, 0, 1, 0.23, 0.76, 0.5, 0]], [1, 0], [[0.021517038345336914, 0.9784829616546631], [0.7521207332611084, 0.247879296541214]]], "2": [[[0.8, 1.0, 1.0, 1.0, 0.67, 0.5, 1.0, 0, 1.0, 0, 0, 1.0, 1.0, 1.0, 1.0, 1.0, 1.0, 1.0, 1.0, 1, 1.0, 1, 1, 0.66, 1.0, 1.0, 1], [0.2, 0.5, 0.5, 0.5, 0.33, 0.5, 0.91, 0, 1.0, 0, 0, 1.0, 0.67, 0.9, 0.0, 0.49, 0.49, 0.49, 1.0, 1, 0.89, 0, 1, 0.23, 0.76, 0.5, 0]], [1, 0], [[0.02006584405899048, 0.9799341559410095], [0.7754237055778503, 0.22457630932331085]]], "3": [[[0.67, 1.0, 1.0, 1.0, 0.5, 0.5, 1.0, 1, 0.87, 1, 1, 1.0, 1.0, 1.0, 1.0, 1.0, 1.0, 1.0, 1.0, 1, 1.0, 1, 1, 0.96, 1.0, 0.5, 0], [0.33, 0.5, 0.5, 0.5, 0.5, 0.5, 1.0, 1, 0.94, 1, 1, 1.0, 1.0, 1.0, 1.0, 0.49, 0.49, 0.49, 1.0, 1, 1.0, 0, 1, 0.0, 1.0, 0.5, 0]], [1, 0], [[0.005141258239746094, 0.9948587417602539], [0.9576327204704285, 0.04236725717782974]]], "4": [[[1.0, 1.0, 1.0, 1.0, 1.0, 1.0, 0.99, 0, 1.0, 0, 0, 1.0, 0.67, 1.0, 0.0, 1.0, 1.0, 1.0, 1.0, 0, 1.0, 1, 1, 0.66, 1.0, 0.5, 0]], [1], [[0.012491166591644287, 0.9875088334083557]]], "5": [[[0.67, 1.0, 1.0, 1.0, 0.5, 0.5, 1.0, 0, 1.0, 0, 0, 1.0, 1.0, 1.0, 1.0, 1.0, 1.0, 1.0, 1.0, 0, 1.0, 1, 1, 0.66, 1.0, 1.0, 1], [0.33, 0.5, 0.5, 0.5, 0.5, 0.5, 0.94, 0, 1.0, 0, 0, 1.0, 0.67, 0.9, 0.0, 0.49, 0.49, 0.49, 1.0, 0, 0.89, 0, 1, 0.23, 0.76, 0.5, 0]], [1, 0], [[0.021517038345336914, 0.9784829616546631], [0.7973894476890564, 0.2026105374097824]]], "6": [[[0.8, 1.0, 1.0, 1.0, 0.67, 0.5, 1.0, 0, 1.0, 0, 0, 1.0, 1.0, 1.0, 1.0, 1.0, 1.0, 1.0, 1.0, 0, 1.0, 1, 1, 0.66, 1.0, 1.0, 1], [0.2, 0.5, 0.5, 0.5, 0.33, 0.5, 0.94, 0, 1.0, 0, 0, 1.0, 0.67, 0.9, 0.0, 0.49, 0.49, 0.49, 1.0, 0, 0.89, 0, 1, 0.23, 0.76, 0.5, 0]], [1, 0], [[0.02006584405899048, 0.9799341559410095], [0.8174695372581482, 0.1825304627418518]]], "7": [[[0.67, 1.0, 1.0, 1.0, 0.5, 0.5, 1.0, 1, 0.87, 1, 1, 1.0, 1.0, 1.0, 1.0, 1.0, 1.0, 1.0, 1.0, 0, 1.0, 1, 1, 0.96, 1.0, 0.5, 0], [0.33, 0.5, 0.5, 0.5, 0.5, 0.5, 1.0, 1, 0.94, 1, 1, 1.0, 1.0, 1.0, 1.0, 0.49, 0.49, 0.49, 1.0, 0, 1.0, 0, 1, 0.0, 1.0, 0.5, 0]], [1, 0], [[0.005141258239746094, 0.9948587417602539], [0.9576327204704285, 0.04236725717782974]]]}