{"0": [[[1.0, 1.0, 1.0, 1.0, 1.0, 1.0, 0.99, 0.0, 1.0, 0.0, 0.0, 1.0, 0.67, 1.0, 0.0, 1.0, 1.0, 1.0, 1.0, 1.0, 1.0, 1.0, 1.0, 0.49, 1.0, 0.5, 0.0, 0.0, 1.0, 0.8, 1.0, 1.0]], [1], [[0.00029462575912475586, 0.9997053742408752]]], "1": [[[0.67, 1.0, 1.0, 1.0, 0.5, 0.5, 1.0, 0.0, 1.0, 0.0, 0.0, 1.0, 1.0, 1.0, 1.0, 1.0, 1.0, 1.0, 1.0, 1.0, 1.0, 1.0, 1.0, 0.49, 1.0, 1.0, 1.0, 1.0, 0.82, 0.8, 1.0, 1.0], [0.33, 0.5, 0.5, 0.5, 0.5, 0.5, 0.94, 0.0, 1.0, 0.0, 0.0, 1.0, 0.67, 0.9, 0.0, 0.49, 0.49, 0.49, 1.0, 1.0, 0.89, 0.0, 1.0, 0.0, 0.76, 0.5, 0.0, 0.0, 0.82, 0.8, 1.0, 1.0]], [1, 1], [[0.01261812448501587, 0.9873818755149841], [0.29002153873443604, 0.709978461265564]]], "2": [[[0.8, 1.0, 1.0, 1.0, 0.67, 0.5, 1.0, 0.0, 1.0, 0.0, 0.0, 1.0, 1.0, 1.0, 1.0, 1.0, 1.0, 1.0, 1.0, 1.0, 1.0, 1.0, 1.0, 0.49, 1.0, 1.0, 1.0, 1.0, 0.82, 0.8, 1.0, 2.0], [0.2, 0.5, 0.5, 0.5, 0.33, 0.5, 0.94, 0.0, 1.0, 0.0, 0.0, 1.0, 0.67, 0.9, 0.0, 0.49, 0.49, 0.49, 1.0, 1.0, 0.89, 0.0, 1.0, 0.0, 0.76, 0.5, 0.0, 0.0, 0.82, 0.8, 0.5, 2.0]], [1, 0], [[0.017335236072540283, 0.9826647639274597], [0.7332773804664612, 0.2667226195335388]]], "3": [[[0.67, 1.0, 1.0, 1.0, 0.5, 0.5, 1.0, 1.0, 0.87, 1.0, 1.0, 1.0, 1.0, 1.0, 1.0, 1.0, 1.0, 1.0, 1.0, 1.0, 1.0, 1.0, 1.0, 0.53, 1.0, 0.5, 0.0, 1.0, 1.0, 1.0, 1.0, 1.0], [0.33, 0.5, 0.5, 0.5, 0.5, 0.5, 1.0, 1.0, 0.94, 1.0, 1.0, 1.0, 1.0, 1.0, 1.0, 0.49, 0.49, 0.49, 1.0, 1.0, 1.0, 0.0, 1.0, 0.0, 1.0, 0.5, 0.0, 1.0, 0.82, 1.0, 1.0, 1.0]], [1, 0], [[0.0026907920837402344, 0.9973092079162598], [0.8776785135269165, 0.1223214715719223]]], "4": [[[1.0, 1.0, 1.0, 1.0, 1.0, 1.0, 0.99, 0.0, 1.0, 0.0, 0.0, 1.0, 0.67, 1.0, 0.0, 1.0, 1.0, 1.0, 1.0, 0.0, 1.0, 1.0, 1.0, 0.49, 1.0, 0.5, 0.0, 0.0, 1.0, 0.8, 1.0, 1.0]], [1], [[0.00029462575912475586, 0.9997053742408752]]], "5": [[[0.67, 1.0, 1.0, 1.0, 0.5, 0.5, 1.0, 0.0, 1.0, 0.0, 0.0, 1.0, 1.0, 1.0, 1.0, 1.0, 1.0, 1.0, 1.0, 0.0, 1.0, 1.0, 1.0, 0.49, 1.0, 1.0, 1.0, 1.0, 0.82, 0.8, 1.0, 1.0], [0.33, 0.5, 0.5, 0.5, 0.5, 0.5, 0.94, 0.0, 1.0, 0.0, 0.0, 1.0, 0.67, 0.9, 0.0, 0.49, 0.49, 0.49, 1.0, 0.0, 0.89, 0.0, 1.0, 0.0, 0.76, 0.5, 0.0, 0.0, 0.82, 0.8, 1.0, 1.0]], [1, 0], [[0.005972862243652344, 0.9940271377563477], [0.5666100978851318, 0.43338990211486816]]], "6": [[[0.8, 1.0, 1.0, 1.0, 0.67, 0.5, 1.0, 0.0, 1.0, 0.0, 0.0, 1.0, 1.0, 1.0, 1.0, 1.0, 1.0, 1.0, 1.0, 0.0, 1.0, 1.0, 1.0, 0.49, 1.0, 1.0, 1.0, 1.0, 0.82, 0.8, 1.0, 2.0], [0.2, 0.5, 0.5, 0.5, 0.33, 0.5, 0.94, 0.0, 1.0, 0.0, 0.0, 1.0, 0.67, 0.9, 0.0, 0.49, 0.49, 0.49, 1.0, 0.0, 0.89, 0.0, 1.0, 0.0, 0.76, 0.5, 0.0, 0.0, 0.82, 0.8, 0.5, 2.0]], [1, 0], [[0.008226454257965088, 0.9917735457420349], [0.858715295791626, 0.14128468930721283]]], "7": [[[0.67, 1.0, 1.0, 1.0, 0.5, 0.5, 1.0, 1.0, 0.87, 1.0, 1.0, 1.0, 1.0, 1.0, 1.0, 1.0, 1.0, 1.0, 1.0, 0.0, 1.0, 1.0, 1.0, 0.53, 1.0, 0.5, 0.0, 1.0, 1.0, 1.0, 1.0, 1.0], [0.33, 0.5, 0.5, 0.5, 0.5, 0.5, 1.0, 1.0, 0.94, 1.0, 1.0, 1.0, 1.0, 1.0, 1.0, 0.49, 0.49, 0.49, 1.0, 0.0, 1.0, 0.0, 1.0, 0.0, 1.0, 0.5, 0.0, 1.0, 0.82, 1.0, 1.0, 1.0]], [1, 0], [[0.0012670159339904785, 0.9987329840660095], [0.9539955258369446, 0.046004489064216614]]]}