{"0": [[[1.0, 1.0, 1.0, 1.0, 1.0, 1.0, 1.0, 0, 1.0, 0, 0, 1.0, 0.67, 1.0, 0.0, 1.0, 1.0, 1.0, 1.0, 1, 1.0, 1, 1, 0.7, 0.34]], [1], [[0.0058640241622924805, 0.9941359758377075]]], "1": [[[0.67, 1.0, 1.0, 1.0, 0.5, 0.5, 1.0, 0, 1.0, 0, 0, 1.0, 1.0, 1.0, 1.0, 1.0, 1.0, 1.0, 1.0, 1, 1.0, 1, 1, 0.7, 0.34], [0.33, 0.5, 0.5, 0.5, 0.5, 0.5, 0.91, 0, 1.0, 0, 0, 1.0, 0.67, 0.9, 0.0, 0.49, 0.49, 0.49, 1.0, 1, 0.89, 0, 1, 0.16, 0.24]], [1, 0], [[0.007499754428863525, 0.9925002455711365], [0.7928683757781982, 0.20713165402412415]]], "2": [[[0.8, 1.0, 1.0, 1.0, 0.67, 0.5, 1.0, 0, 1.0, 0, 0, 1.0, 1.0, 1.0, 1.0, 1.0, 1.0, 1.0, 1.0, 1, 1.0, 1, 1, 0.7, 0.34], [0.2, 0.5, 0.5, 0.5, 0.33, 0.5, 0.91, 0, 1.0, 0, 0, 1.0, 0.67, 0.9, 0.0, 0.49, 0.49, 0.49, 1.0, 1, 0.89, 0, 1, 0.16, 0.24]], [1, 0], [[0.0067435503005981445, 0.9932564496994019], [0.778644323348999, 0.22135567665100098]]], "3": [[[0.67, 1.0, 1.0, 1.0, 0.5, 0.5, 1.0, 1, 0.87, 1, 1, 1.0, 1.0, 1.0, 1.0, 1.0, 1.0, 1.0, 1.0, 1, 1.0, 1, 1, 0.78, 1.0], [0.33, 0.5, 0.5, 0.5, 0.5, 0.5, 1.0, 1, 0.94, 1, 1, 1.0, 1.0, 1.0, 1.0, 0.49, 0.49, 0.49, 1.0, 1, 1.0, 0, 1, 0.01, 1.0]], [1, 0], [[0.006344199180603027, 0.993655800819397], [0.9343187808990479, 0.06568121165037155]]], "4": [[[1.0, 1.0, 1.0, 1.0, 1.0, 1.0, 0.99, 0, 1.0, 0, 0, 1.0, 0.67, 1.0, 0.0, 1.0, 1.0, 1.0, 1.0, 0, 1.0, 1, 1, 0.7, 0.34]], [1], [[0.0058640241622924805, 0.9941359758377075]]], "5": [[[0.67, 1.0, 1.0, 1.0, 0.5, 0.5, 1.0, 0, 1.0, 0, 0, 1.0, 1.0, 1.0, 1.0, 1.0, 1.0, 1.0, 1.0, 0, 1.0, 1, 1, 0.7, 0.34], [0.33, 0.5, 0.5, 0.5, 0.5, 0.5, 0.94, 0, 1.0, 0, 0, 1.0, 0.67, 0.9, 0.0, 0.49, 0.49, 0.49, 1.0, 0, 0.89, 0, 1, 0.16, 0.24]], [1, 0], [[0.007499754428863525, 0.9925002455711365], [0.8063861727714539, 0.19361382722854614]]], "6": [[[0.8, 1.0, 1.0, 1.0, 0.67, 0.5, 1.0, 0, 1.0, 0, 0, 1.0, 1.0, 1.0, 1.0, 1.0, 1.0, 1.0, 1.0, 0, 1.0, 1, 1, 0.7, 0.34], [0.2, 0.5, 0.5, 0.5, 0.33, 0.5, 0.94, 0, 1.0, 0, 0, 1.0, 0.67, 0.9, 0.0, 0.49, 0.49, 0.49, 1.0, 0, 0.89, 0, 1, 0.16, 0.24]], [1, 0], [[0.0067435503005981445, 0.9932564496994019], [0.7928478717803955, 0.20715214312076569]]], "7": [[[0.67, 1.0, 1.0, 1.0, 0.5, 0.5, 1.0, 1, 0.87, 1, 1, 1.0, 1.0, 1.0, 1.0, 1.0, 1.0, 1.0, 1.0, 0, 1.0, 1, 1, 0.78, 1.0], [0.33, 0.5, 0.5, 0.5, 0.5, 0.5, 1.0, 1, 0.94, 1, 1, 1.0, 1.0, 1.0, 1.0, 0.49, 0.49, 0.49, 1.0, 0, 1.0, 0, 1, 0.01, 1.0]], [1, 0], [[0.006344199180603027, 0.993655800819397], [0.9343187808990479, 0.06568121165037155]]]}