{"0": [[[1.0, 1.0, 1.0, 1.0, 1.0, 1.0, 1.0, 1.0, 1.0, 1.0, 1.0, 1.0, 0, 0, 1.0, 1.0, 1.0]], [1], [[0.020465195178985596, 0.9795348048210144]]], "1": [[[0.671, 1.0, 0.671, 1.0, 0.671, 1.0, 0.671, 0.5, 1.0, 0.5, 1.0, 1.0, 0, 0, 1.0, 1.0, 1.0], [0.329, 0.5, 0.329, 0.5, 0.329, 0.5, 0.329, 0.5, 0.49, 0.5, 0.852, 1.0, 0, 0, 0.86, 1.0, 0.333]], [1, 0], [[0.02761286497116089, 0.9723871350288391], [0.7511889934539795, 0.2488110214471817]]], "2": [[[0.835, 1.0, 1.0, 1.0, 0.671, 1.0, 0.835, 0.667, 1.0, 0.5, 1.0, 1.0, 0, 0, 1.0, 1.0, 1.0], [0.165, 0.5, 0.329, 0.5, 0.329, 0.5, 0.329, 0.333, 0.329, 0.5, 0.852, 1.0, 0, 0, 0.86, 1.0, 0.333]], [1, 0], [[0.03317141532897949, 0.9668285846710205], [0.7315108180046082, 0.26848918199539185]]]}