{"0": [[[1.0, 1.0, 1.0, 1.0, 1.0, 1.0, 0.99, 0.0, 1.0, 0.0, 0.0, 1.0, 0.67, 1.0, 0.0, 1.0, 1.0, 1.0, 1.0, 1.0, 1.0, 1.0, 1.0, 0.66, 1.0, 0.5, 0.0, 0.0, 1.0, 0.8, 1.0, 1.0]], [1], [[0.01620161533355713, 0.9837983846664429]]], "1": [[[0.67, 1.0, 1.0, 1.0, 0.5, 0.5, 1.0, 0.0, 1.0, 0.0, 0.0, 1.0, 1.0, 1.0, 1.0, 1.0, 1.0, 1.0, 1.0, 1.0, 1.0, 1.0, 1.0, 0.66, 1.0, 1.0, 1.0, 1.0, 0.82, 0.8, 1.0, 1.0], [0.33, 0.5, 0.5, 0.5, 0.5, 0.5, 0.94, 0.0, 1.0, 0.0, 0.0, 1.0, 0.67, 0.9, 0.0, 0.49, 0.49, 0.49, 1.0, 1.0, 0.89, 0.0, 1.0, 0.23, 0.76, 0.5, 0.0, 0.0, 0.82, 0.8, 1.0, 1.0]], [1, 0], [[0.006739556789398193, 0.9932604432106018], [0.7352489829063416, 0.26475101709365845]]], "2": [[[0.8, 1.0, 1.0, 1.0, 0.67, 0.5, 1.0, 0.0, 1.0, 0.0, 0.0, 1.0, 1.0, 1.0, 1.0, 1.0, 1.0, 1.0, 1.0, 1.0, 1.0, 1.0, 1.0, 0.66, 1.0, 1.0, 1.0, 1.0, 0.82, 0.8, 1.0, 2.0], [0.2, 0.5, 0.5, 0.5, 0.33, 0.5, 0.94, 0.0, 1.0, 0.0, 0.0, 1.0, 0.67, 0.9, 0.0, 0.49, 0.49, 0.49, 1.0, 1.0, 0.89, 0.0, 1.0, 0.23, 0.76, 0.5, 0.0, 0.0, 0.82, 0.8, 0.5, 2.0]], [1, 0], [[0.00866633653640747, 0.9913336634635925], [0.7605470418930054, 0.23945295810699463]]], "3": [[[0.67, 1.0, 1.0, 1.0, 0.5, 0.5, 1.0, 1.0, 0.87, 1.0, 1.0, 1.0, 1.0, 1.0, 1.0, 1.0, 1.0, 1.0, 1.0, 1.0, 1.0, 1.0, 1.0, 0.96, 1.0, 0.5, 0.0, 1.0, 1.0, 1.0, 1.0, 1.0], [0.33, 0.5, 0.5, 0.5, 0.5, 0.5, 1.0, 1.0, 0.94, 1.0, 1.0, 1.0, 1.0, 1.0, 1.0, 0.49, 0.49, 0.49, 1.0, 1.0, 1.0, 0.0, 1.0, 0.0, 1.0, 0.5, 0.0, 1.0, 0.82, 1.0, 1.0, 1.0]], [1, 0], [[0.00461190938949585, 0.9953880906105042], [0.906159520149231, 0.09384049475193024]]], "4": [[[1.0, 1.0, 1.0, 1.0, 1.0, 1.0, 0.99, 0.0, 1.0, 0.0, 0.0, 1.0, 0.67, 1.0, 0.0, 1.0, 1.0, 1.0, 1.0, 0.0, 1.0, 1.0, 1.0, 0.66, 1.0, 0.5, 0.0, 0.0, 1.0, 0.8, 1.0, 1.0]], [1], [[0.01620161533355713, 0.9837983846664429]]], "5": [[[0.67, 1.0, 1.0, 1.0, 0.5, 0.5, 1.0, 0.0, 1.0, 0.0, 0.0, 1.0, 1.0, 1.0, 1.0, 1.0, 1.0, 1.0, 1.0, 0.0, 1.0, 1.0, 1.0, 0.66, 1.0, 1.0, 1.0, 1.0, 0.82, 0.8, 1.0, 1.0], [0.33, 0.5, 0.5, 0.5, 0.5, 0.5, 0.94, 0.0, 1.0, 0.0, 0.0, 1.0, 0.67, 0.9, 0.0, 0.49, 0.49, 0.49, 1.0, 0.0, 0.89, 0.0, 1.0, 0.23, 0.76, 0.5, 0.0, 0.0, 0.82, 0.8, 1.0, 1.0]], [1, 0], [[0.006739556789398193, 0.9932604432106018], [0.7448588609695435, 0.25514110922813416]]], "6": [[[0.8, 1.0, 1.0, 1.0, 0.67, 0.5, 1.0, 0.0, 1.0, 0.0, 0.0, 1.0, 1.0, 1.0, 1.0, 1.0, 1.0, 1.0, 1.0, 0.0, 1.0, 1.0, 1.0, 0.66, 1.0, 1.0, 1.0, 1.0, 0.82, 0.8, 1.0, 2.0], [0.2, 0.5, 0.5, 0.5, 0.33, 0.5, 0.94, 0.0, 1.0, 0.0, 0.0, 1.0, 0.67, 0.9, 0.0, 0.49, 0.49, 0.49, 1.0, 0.0, 0.89, 0.0, 1.0, 0.23, 0.76, 0.5, 0.0, 0.0, 0.82, 0.8, 0.5, 2.0]], [1, 0], [[0.00866633653640747, 0.9913336634635925], [0.7695266008377075, 0.23047342896461487]]], "7": [[[0.67, 1.0, 1.0, 1.0, 0.5, 0.5, 1.0, 1.0, 0.87, 1.0, 1.0, 1.0, 1.0, 1.0, 1.0, 1.0, 1.0, 1.0, 1.0, 0.0, 1.0, 1.0, 1.0, 0.96, 1.0, 0.5, 0.0, 1.0, 1.0, 1.0, 1.0, 1.0], [0.33, 0.5, 0.5, 0.5, 0.5, 0.5, 1.0, 1.0, 0.94, 1.0, 1.0, 1.0, 1.0, 1.0, 1.0, 0.49, 0.49, 0.49, 1.0, 0.0, 1.0, 0.0, 1.0, 0.0, 1.0, 0.5, 0.0, 1.0, 0.82, 1.0, 1.0, 1.0]], [1, 0], [[0.00461190938949585, 0.9953880906105042], [0.906159520149231, 0.09384049475193024]]]}