{"0": [[[1.0, 1.0, 1.0, 1.0, 1.0, 1.0, 1.0, 0, 1.0, 0, 0, 1.0, 0.67, 1.0, 0.0, 1.0, 1.0, 1.0, 1.0, 1, 1.0, 1, 1, 0.66, 0.34, 0.5, 0]], [1], [[0.01227802038192749, 0.9877219796180725]]], "1": [[[0.67, 1.0, 1.0, 1.0, 0.5, 0.5, 1.0, 0, 1.0, 0, 0, 1.0, 1.0, 1.0, 1.0, 1.0, 1.0, 1.0, 1.0, 1, 1.0, 1, 1, 0.66, 0.34, 1.0, 1], [0.33, 0.5, 0.5, 0.5, 0.5, 0.5, 0.91, 0, 1.0, 0, 0, 1.0, 0.67, 0.9, 0.0, 0.49, 0.49, 0.49, 1.0, 1, 0.89, 0, 1, 0.23, 0.24, 0.5, 0]], [1, 0], [[0.007800877094268799, 0.9921991229057312], [0.7798947691917419, 0.22010521590709686]]], "2": [[[0.8, 1.0, 1.0, 1.0, 0.67, 0.5, 1.0, 0, 1.0, 0, 0, 1.0, 1.0, 1.0, 1.0, 1.0, 1.0, 1.0, 1.0, 1, 1.0, 1, 1, 0.66, 0.34, 1.0, 1], [0.2, 0.5, 0.5, 0.5, 0.33, 0.5, 0.91, 0, 1.0, 0, 0, 1.0, 0.67, 0.9, 0.0, 0.49, 0.49, 0.49, 1.0, 1, 0.89, 0, 1, 0.23, 0.24, 0.5, 0]], [1, 0], [[0.006574273109436035, 0.993425726890564], [0.815388560295105, 0.1846114695072174]]], "3": [[[0.67, 1.0, 1.0, 1.0, 0.5, 0.5, 1.0, 1, 0.87, 1, 1, 1.0, 1.0, 1.0, 1.0, 1.0, 1.0, 1.0, 1.0, 1, 1.0, 1, 1, 0.96, 1.0, 0.5, 0], [0.33, 0.5, 0.5, 0.5, 0.5, 0.5, 1.0, 1, 0.94, 1, 1, 1.0, 1.0, 1.0, 1.0, 0.49, 0.49, 0.49, 1.0, 1, 1.0, 0, 1, 0.0, 1.0, 0.5, 0]], [1, 0], [[0.006133735179901123, 0.9938662648200989], [0.9555299878120422, 0.04447000473737717]]], "4": [[[1.0, 1.0, 1.0, 1.0, 1.0, 1.0, 0.99, 0, 1.0, 0, 0, 1.0, 0.67, 1.0, 0.0, 1.0, 1.0, 1.0, 1.0, 0, 1.0, 1, 1, 0.66, 0.34, 0.5, 0]], [1], [[0.01227802038192749, 0.9877219796180725]]], "5": [[[0.67, 1.0, 1.0, 1.0, 0.5, 0.5, 1.0, 0, 1.0, 0, 0, 1.0, 1.0, 1.0, 1.0, 1.0, 1.0, 1.0, 1.0, 0, 1.0, 1, 1, 0.66, 0.34, 1.0, 1], [0.33, 0.5, 0.5, 0.5, 0.5, 0.5, 0.94, 0, 1.0, 0, 0, 1.0, 0.67, 0.9, 0.0, 0.49, 0.49, 0.49, 1.0, 0, 0.89, 0, 1, 0.23, 0.24, 0.5, 0]], [1, 0], [[0.007800877094268799, 0.9921991229057312], [0.7869791388511658, 0.21302086114883423]]], "6": [[[0.8, 1.0, 1.0, 1.0, 0.67, 0.5, 1.0, 0, 1.0, 0, 0, 1.0, 1.0, 1.0, 1.0, 1.0, 1.0, 1.0, 1.0, 0, 1.0, 1, 1, 0.66, 0.34, 1.0, 1], [0.2, 0.5, 0.5, 0.5, 0.33, 0.5, 0.94, 0, 1.0, 0, 0, 1.0, 0.67, 0.9, 0.0, 0.49, 0.49, 0.49, 1.0, 0, 0.89, 0, 1, 0.23, 0.24, 0.5, 0]], [1, 0], [[0.006574273109436035, 0.993425726890564], [0.8215917944908142, 0.1784081906080246]]], "7": [[[0.67, 1.0, 1.0, 1.0, 0.5, 0.5, 1.0, 1, 0.87, 1, 1, 1.0, 1.0, 1.0, 1.0, 1.0, 1.0, 1.0, 1.0, 0, 1.0, 1, 1, 0.96, 1.0, 0.5, 0], [0.33, 0.5, 0.5, 0.5, 0.5, 0.5, 1.0, 1, 0.94, 1, 1, 1.0, 1.0, 1.0, 1.0, 0.49, 0.49, 0.49, 1.0, 0, 1.0, 0, 1, 0.0, 1.0, 0.5, 0]], [1, 0], [[0.006133735179901123, 0.9938662648200989], [0.9555299878120422, 0.04447000473737717]]]}