{"0": [[[1.0, 1.0, 1.0, 1.0, 1.0, 1.0, 1.0, 0, 1.0, 0, 0, 1.0, 1.0, 1.0, 1.0, 1.0, 1.0, 1.0, 1.0, 1, 1.0, 1, 1]], [1], [[0.0023404359817504883, 0.9976595640182495]]], "1": [[[0.67, 1.0, 1.0, 1.0, 0.5, 0.5, 1.0, 0, 1.0, 0, 0, 1.0, 1.0, 1.0, 1.0, 1.0, 1.0, 1.0, 1.0, 1, 1.0, 1, 1], [0.33, 0.5, 0.5, 0.5, 0.5, 0.5, 0.9, 0, 1.0, 0, 0, 1.0, 1.0, 0.9, 1.0, 0.49, 0.49, 0.49, 1.0, 1, 1.0, 0, 1]], [1, 0], [[0.00457841157913208, 0.9954215884208679], [0.8167432546615601, 0.18325676023960114]]], "2": [[[0.8, 1.0, 1.0, 1.0, 0.67, 0.5, 1.0, 0, 1.0, 0, 0, 1.0, 1.0, 1.0, 1.0, 1.0, 1.0, 1.0, 1.0, 1, 1.0, 1, 1], [0.2, 0.5, 0.5, 0.5, 0.33, 0.5, 0.9, 0, 1.0, 0, 0, 1.0, 1.0, 0.9, 1.0, 0.49, 0.49, 0.49, 1.0, 1, 1.0, 0, 1]], [1, 0], [[0.003661632537841797, 0.9963383674621582], [0.8214139342308044, 0.17858605086803436]]], "3": [[[0.67, 1.0, 1.0, 1.0, 0.5, 0.5, 1.0, 1, 0.87, 1, 1, 1.0, 1.0, 1.0, 1.0, 1.0, 1.0, 1.0, 1.0, 1, 1.0, 1, 1], [0.33, 0.5, 0.5, 0.5, 0.5, 0.5, 1.0, 1, 0.94, 1, 1, 1.0, 1.0, 1.0, 1.0, 0.49, 0.49, 0.49, 1.0, 1, 1.0, 0, 1]], [1, 0], [[0.002960383892059326, 0.9970396161079407], [0.8341583609580994, 0.16584162414073944]]], "4": [[[1.0, 1.0, 1.0, 1.0, 1.0, 1.0, 1.0, 0, 1.0, 0, 0, 1.0, 1.0, 1.0, 1.0, 1.0, 1.0, 1.0, 1.0, 0, 1.0, 1, 1]], [1], [[0.0023955702781677246, 0.9976044297218323]]], "5": [[[0.67, 1.0, 1.0, 1.0, 0.5, 0.5, 1.0, 0, 1.0, 0, 0, 1.0, 1.0, 1.0, 1.0, 1.0, 1.0, 1.0, 1.0, 0, 1.0, 1, 1], [0.33, 0.5, 0.5, 0.5, 0.5, 0.5, 0.94, 0, 1.0, 0, 0, 1.0, 1.0, 0.9, 1.0, 0.49, 0.49, 0.49, 1.0, 0, 1.0, 0, 1]], [1, 0], [[0.004686117172241211, 0.9953138828277588], [0.842065691947937, 0.15793433785438538]]], "6": [[[0.8, 1.0, 1.0, 1.0, 0.67, 0.5, 1.0, 0, 1.0, 0, 0, 1.0, 1.0, 1.0, 1.0, 1.0, 1.0, 1.0, 1.0, 0, 1.0, 1, 1], [0.2, 0.5, 0.5, 0.5, 0.33, 0.5, 0.94, 0, 1.0, 0, 0, 1.0, 1.0, 0.9, 1.0, 0.49, 0.49, 0.49, 1.0, 0, 1.0, 0, 1]], [1, 0], [[0.003747880458831787, 0.9962521195411682], [0.8462125062942505, 0.1537875086069107]]], "7": [[[0.67, 1.0, 1.0, 1.0, 0.5, 0.5, 1.0, 1, 0.87, 1, 1, 1.0, 1.0, 1.0, 1.0, 1.0, 1.0, 1.0, 1.0, 0, 1.0, 1, 1], [0.33, 0.5, 0.5, 0.5, 0.5, 0.5, 1.0, 1, 0.94, 1, 1, 1.0, 1.0, 1.0, 1.0, 0.49, 0.49, 0.49, 1.0, 0, 1.0, 0, 1]], [1, 0], [[0.003030240535736084, 0.9969697594642639], [0.851479709148407, 0.1485203057527542]]]}