{"0": [[[1.0, 1.0, 1.0, 1.0, 1.0, 1.0, 1.0, 0, 1.0, 0, 0, 1.0, 0.67, 1.0, 0.0, 1.0, 1.0, 1.0, 1.0, 1, 1.0, 1, 1, 0.66, 1.0, 0.5, 0, 0.0, 0.88]], [1], [[0.003691732883453369, 0.9963082671165466]]], "1": [[[0.67, 1.0, 1.0, 1.0, 0.5, 0.5, 1.0, 0, 1.0, 0, 0, 1.0, 1.0, 1.0, 1.0, 1.0, 1.0, 1.0, 1.0, 1, 1.0, 1, 1, 0.66, 1.0, 1.0, 1, 1.0, 1.0], [0.33, 0.5, 0.5, 0.5, 0.5, 0.5, 0.91, 0, 1.0, 0, 0, 1.0, 0.67, 0.9, 0.0, 0.49, 0.49, 0.49, 1.0, 1, 0.89, 0, 1, 0.23, 0.76, 0.5, 0, 0.0, 0.88]], [1, 0], [[0.00981205701828003, 0.99018794298172], [0.6854192018508911, 0.3145807683467865]]], "2": [[[0.8, 1.0, 1.0, 1.0, 0.67, 0.5, 1.0, 0, 1.0, 0, 0, 1.0, 1.0, 1.0, 1.0, 1.0, 1.0, 1.0, 1.0, 1, 1.0, 1, 1, 0.66, 1.0, 1.0, 1, 1.0, 1.0], [0.2, 0.5, 0.5, 0.5, 0.33, 0.5, 0.91, 0, 1.0, 0, 0, 1.0, 0.67, 0.9, 0.0, 0.49, 0.49, 0.49, 1.0, 1, 0.89, 0, 1, 0.23, 0.76, 0.5, 0, 0.0, 0.88]], [1, 0], [[0.007965385913848877, 0.9920346140861511], [0.7274512052536011, 0.27254876494407654]]], "3": [[[0.67, 1.0, 1.0, 1.0, 0.5, 0.5, 1.0, 1, 0.87, 1, 1, 1.0, 1.0, 1.0, 1.0, 1.0, 1.0, 1.0, 1.0, 1, 1.0, 1, 1, 0.96, 1.0, 0.5, 0, 1.0, 1.0], [0.33, 0.5, 0.5, 0.5, 0.5, 0.5, 1.0, 1, 0.94, 1, 1, 1.0, 1.0, 1.0, 1.0, 0.49, 0.49, 0.49, 1.0, 1, 1.0, 0, 1, 0.0, 1.0, 0.5, 0, 1.0, 1.0]], [1, 0], [[0.003487884998321533, 0.9965121150016785], [0.9322295188903809, 0.06777051091194153]]], "4": [[[1.0, 1.0, 1.0, 1.0, 1.0, 1.0, 0.99, 0, 1.0, 0, 0, 1.0, 0.67, 1.0, 0.0, 1.0, 1.0, 1.0, 1.0, 0, 1.0, 1, 1, 0.66, 1.0, 0.5, 0, 0.0, 0.88]], [1], [[0.003691732883453369, 0.9963082671165466]]], "5": [[[0.67, 1.0, 1.0, 1.0, 0.5, 0.5, 1.0, 0, 1.0, 0, 0, 1.0, 1.0, 1.0, 1.0, 1.0, 1.0, 1.0, 1.0, 0, 1.0, 1, 1, 0.66, 1.0, 1.0, 1, 1.0, 1.0], [0.33, 0.5, 0.5, 0.5, 0.5, 0.5, 0.94, 0, 1.0, 0, 0, 1.0, 0.67, 0.9, 0.0, 0.49, 0.49, 0.49, 1.0, 0, 0.89, 0, 1, 0.23, 0.76, 0.5, 0, 0.0, 0.88]], [1, 0], [[0.00981205701828003, 0.99018794298172], [0.7419041395187378, 0.2580958306789398]]], "6": [[[0.8, 1.0, 1.0, 1.0, 0.67, 0.5, 1.0, 0, 1.0, 0, 0, 1.0, 1.0, 1.0, 1.0, 1.0, 1.0, 1.0, 1.0, 0, 1.0, 1, 1, 0.66, 1.0, 1.0, 1, 1.0, 1.0], [0.2, 0.5, 0.5, 0.5, 0.33, 0.5, 0.94, 0, 1.0, 0, 0, 1.0, 0.67, 0.9, 0.0, 0.49, 0.49, 0.49, 1.0, 0, 0.89, 0, 1, 0.23, 0.76, 0.5, 0, 0.0, 0.88]], [1, 0], [[0.007965385913848877, 0.9920346140861511], [0.7831923365592957, 0.21680767834186554]]], "7": [[[0.67, 1.0, 1.0, 1.0, 0.5, 0.5, 1.0, 1, 0.87, 1, 1, 1.0, 1.0, 1.0, 1.0, 1.0, 1.0, 1.0, 1.0, 0, 1.0, 1, 1, 0.96, 1.0, 0.5, 0, 1.0, 1.0], [0.33, 0.5, 0.5, 0.5, 0.5, 0.5, 1.0, 1, 0.94, 1, 1, 1.0, 1.0, 1.0, 1.0, 0.49, 0.49, 0.49, 1.0, 0, 1.0, 0, 1, 0.0, 1.0, 0.5, 0, 1.0, 1.0]], [1, 0], [[0.003487884998321533, 0.9965121150016785], [0.9322295188903809, 0.06777051091194153]]]}