{"0": [[[1.0, 1.0, 1.0, 1.0, 1.0, 1.0, 1.0, 1.0, 0, 0, 1.0, 1.0, 1.0, 1.0, 1.0, 1.0, 1.0]], [1], [[0.0014371275901794434, 0.9985628724098206]]], "1": [[[0.671, 1.0, 1.0, 1.0, 0.5, 0.5, 1.0, 1.0, 0, 0, 1.0, 1.0, 1.0, 1.0, 1.0, 1.0, 1.0], [0.329, 0.5, 0.5, 0.5, 0.5, 0.5, 0.903, 1.0, 0, 0, 1.0, 1.0, 0.9, 1.0, 0.49, 0.49, 0.49]], [1, 1], [[0.001797795295715332, 0.9982022047042847], [0.4091174006462097, 0.5908825993537903]]], "2": [[[0.803, 1.0, 1.0, 1.0, 0.667, 0.5, 1.0, 1.0, 0, 0, 1.0, 1.0, 1.0, 1.0, 1.0, 1.0, 1.0], [0.197, 0.5, 0.5, 0.5, 0.333, 0.5, 0.903, 1.0, 0, 0, 1.0, 1.0, 0.9, 1.0, 0.49, 0.49, 0.49]], [1, 1], [[0.0015257000923156738, 0.9984742999076843], [0.4278683662414551, 0.5721316337585449]]], "3": [[[0.671, 1.0, 1.0, 1.0, 0.5, 0.5, 1.0, 0.866, 1, 1, 1.0, 1.0, 1.0, 1.0, 1.0, 1.0, 1.0], [0.329, 0.5, 0.5, 0.5, 0.5, 0.5, 1.0, 0.935, 1, 1, 1.0, 1.0, 1.0, 1.0, 0.49, 0.49, 0.49]], [1, 1], [[0.0015406608581542969, 0.9984593391418457], [0.003050386905670166, 0.9969496130943298]]], "4": [[[1.0, 1.0, 1.0, 1.0, 1.0, 1.0, 1.0, 1.0, 0, 0, 1.0, 1.0, 1.0, 1.0, 1.0, 1.0, 1.0]], [1], [[0.0015941262245178223, 0.9984058737754822]]], "5": [[[0.671, 1.0, 1.0, 1.0, 0.5, 0.5, 1.0, 1.0, 0, 0, 1.0, 1.0, 1.0, 1.0, 1.0, 1.0, 1.0], [0.329, 0.5, 0.5, 0.5, 0.5, 0.5, 0.94, 1.0, 0, 0, 1.0, 1.0, 0.9, 1.0, 0.49, 0.49, 0.49]], [1, 1], [[0.0019041895866394043, 0.9980958104133606], [0.25345689058303833, 0.7465431094169617]]], "6": [[[0.803, 1.0, 1.0, 1.0, 0.667, 0.5, 1.0, 1.0, 0, 0, 1.0, 1.0, 1.0, 1.0, 1.0, 1.0, 1.0], [0.197, 0.5, 0.5, 0.5, 0.333, 0.5, 0.94, 1.0, 0, 0, 1.0, 1.0, 0.9, 1.0, 0.49, 0.49, 0.49]], [1, 1], [[0.0015693306922912598, 0.9984306693077087], [0.2773968577384949, 0.7226031422615051]]], "7": [[[0.671, 1.0, 1.0, 1.0, 0.5, 0.5, 1.0, 0.866, 1, 1, 1.0, 1.0, 1.0, 1.0, 1.0, 1.0, 1.0], [0.329, 0.5, 0.5, 0.5, 0.5, 0.5, 1.0, 0.935, 1, 1, 1.0, 1.0, 1.0, 1.0, 0.49, 0.49, 0.49]], [1, 1], [[0.001864790916442871, 0.9981352090835571], [0.0036437511444091797, 0.9963562488555908]]]}