{"0": [[[1.0, 1.0, 1.0, 1.0, 1.0, 1.0, 1.0, 0, 1.0, 0, 0, 1.0, 1.0, 1.0, 1.0, 1.0, 1.0, 1.0, 1.0, 1, 1.0]], [1], [[0.0021314620971679688, 0.997868537902832]]], "1": [[[0.67, 1.0, 1.0, 1.0, 0.5, 0.5, 1.0, 0, 1.0, 0, 0, 1.0, 1.0, 1.0, 1.0, 1.0, 1.0, 1.0, 1.0, 1, 1.0], [0.33, 0.5, 0.5, 0.5, 0.5, 0.5, 0.9, 0, 1.0, 0, 0, 1.0, 1.0, 0.9, 1.0, 0.49, 0.49, 0.49, 1.0, 1, 1.0]], [1, 1], [[0.0025182366371154785, 0.9974817633628845], [0.17913174629211426, 0.8208682537078857]]], "2": [[[0.8, 1.0, 1.0, 1.0, 0.67, 0.5, 1.0, 0, 1.0, 0, 0, 1.0, 1.0, 1.0, 1.0, 1.0, 1.0, 1.0, 1.0, 1, 1.0], [0.2, 0.5, 0.5, 0.5, 0.33, 0.5, 0.9, 0, 1.0, 0, 0, 1.0, 1.0, 0.9, 1.0, 0.49, 0.49, 0.49, 1.0, 1, 1.0]], [1, 1], [[0.0023993849754333496, 0.9976006150245667], [0.2010534405708313, 0.7989465594291687]]], "3": [[[0.67, 1.0, 1.0, 1.0, 0.5, 0.5, 1.0, 1, 0.87, 1, 1, 1.0, 1.0, 1.0, 1.0, 1.0, 1.0, 1.0, 1.0, 1, 1.0], [0.33, 0.5, 0.5, 0.5, 0.5, 0.5, 1.0, 1, 0.94, 1, 1, 1.0, 1.0, 1.0, 1.0, 0.49, 0.49, 0.49, 1.0, 1, 1.0]], [1, 1], [[0.001681208610534668, 0.9983187913894653], [0.0020749568939208984, 0.9979250431060791]]], "4": [[[1.0, 1.0, 1.0, 1.0, 1.0, 1.0, 1.0, 0, 1.0, 0, 0, 1.0, 1.0, 1.0, 1.0, 1.0, 1.0, 1.0, 1.0, 0, 1.0]], [1], [[0.0021314620971679688, 0.997868537902832]]], "5": [[[0.67, 1.0, 1.0, 1.0, 0.5, 0.5, 1.0, 0, 1.0, 0, 0, 1.0, 1.0, 1.0, 1.0, 1.0, 1.0, 1.0, 1.0, 0, 1.0], [0.33, 0.5, 0.5, 0.5, 0.5, 0.5, 0.94, 0, 1.0, 0, 0, 1.0, 1.0, 0.9, 1.0, 0.49, 0.49, 0.49, 1.0, 0, 1.0]], [1, 1], [[0.0025182366371154785, 0.9974817633628845], [0.14514565467834473, 0.8548543453216553]]], "6": [[[0.8, 1.0, 1.0, 1.0, 0.67, 0.5, 1.0, 0, 1.0, 0, 0, 1.0, 1.0, 1.0, 1.0, 1.0, 1.0, 1.0, 1.0, 0, 1.0], [0.2, 0.5, 0.5, 0.5, 0.33, 0.5, 0.94, 0, 1.0, 0, 0, 1.0, 1.0, 0.9, 1.0, 0.49, 0.49, 0.49, 1.0, 0, 1.0]], [1, 1], [[0.0023993849754333496, 0.9976006150245667], [0.16373789310455322, 0.8362621068954468]]], "7": [[[0.67, 1.0, 1.0, 1.0, 0.5, 0.5, 1.0, 1, 0.87, 1, 1, 1.0, 1.0, 1.0, 1.0, 1.0, 1.0, 1.0, 1.0, 0, 1.0], [0.33, 0.5, 0.5, 0.5, 0.5, 0.5, 1.0, 1, 0.94, 1, 1, 1.0, 1.0, 1.0, 1.0, 0.49, 0.49, 0.49, 1.0, 0, 1.0]], [1, 1], [[0.001681208610534668, 0.9983187913894653], [0.0020749568939208984, 0.9979250431060791]]]}
