{"0": [[[1.0, 1.0, 1.0, 1.0, 1.0, 1.0, 0.98, 0, 1.0, 0, 0, 0.82, 0.58, 1.0, 0.0, 1.0, 1.0, 1.0, 1.0, 1.0, 0.89, 1.0, 1.0, 1, 1, 0.34, 0.29, 0.0]], [1], [[0.010438501834869385, 0.9895614981651306]]], "1": [[[1.0, 1.0, 1.0, 1.0, 0.5, 0.5, 0.98, 0, 1.0, 0, 0, 0.82, 0.87, 1.0, 1.0, 1.0, 1.0, 1.0, 1.0, 1.0, 0.89, 1.0, 1.0, 1, 1, 0.34, 0.58, 1.0], [0.49, 0.5, 0.5, 0.5, 0.5, 0.5, 0.89, 0, 1.0, 0, 0, 0.82, 0.58, 0.9, 0.0, 0.49, 0.49, 0.49, 1.0, 1.0, 0.89, 0.89, 0.9, 0, 1, 0.24, 0.29, 0.0]], [1, 0], [[0.13172167539596558, 0.8682783246040344], [0.7725738286972046, 0.22742614150047302]]], "2": [[[1.0, 1.0, 1.0, 1.0, 0.67, 0.5, 0.98, 0, 1.0, 0, 0, 0.82, 0.87, 1.0, 1.0, 1.0, 1.0, 1.0, 1.0, 1.0, 0.89, 1.0, 1.0, 1, 1, 0.34, 0.58, 1.0], [0.49, 0.5, 0.5, 0.5, 0.33, 0.5, 0.89, 0, 1.0, 0, 0, 0.82, 0.58, 0.9, 0.0, 0.49, 0.49, 0.49, 1.0, 1.0, 0.89, 0.89, 0.9, 0, 1, 0.24, 0.29, 0.0]], [1, 0], [[0.09525179862976074, 0.9047482013702393], [0.8218151926994324, 0.17818480730056763]]], "3": [[[1.0, 1.0, 1.0, 1.0, 0.5, 0.5, 1.0, 1, 0.87, 1, 1, 1.0, 1.0, 1.0, 1.0, 1.0, 1.0, 1.0, 1.0, 0.0, 1.0, 1.0, 1.0, 1, 1, 1.0, 1.0, 0.0], [0.49, 0.5, 0.5, 0.5, 0.5, 0.5, 1.0, 1, 0.94, 1, 1, 1.0, 1.0, 1.0, 1.0, 0.49, 0.49, 0.49, 1.0, 1.0, 1.0, 1.0, 1.0, 0, 1, 1.0, 1.0, 1.0]], [1, 1], [[0.012359797954559326, 0.9876402020454407], [0.02095162868499756, 0.9790483713150024]]], "4": [[[1.0, 1.0, 1.0, 1.0, 1.0, 1.0, 0.98, 0, 1.0, 0, 0, 0.82, 0.58, 1.0, 0.0, 1.0, 1.0, 1.0, 1.0, 1.0, 0.89, 1.0, 1.0, 1, 1, 0.34, 0.29, 0.0]], [1], [[0.010438501834869385, 0.9895614981651306]]], "5": [[[1.0, 1.0, 1.0, 1.0, 0.5, 0.5, 0.99, 0, 1.0, 0, 0, 0.82, 0.87, 1.0, 1.0, 1.0, 1.0, 1.0, 1.0, 1.0, 0.89, 1.0, 1.0, 1, 1, 0.34, 0.58, 1.0], [0.49, 0.5, 0.5, 0.5, 0.5, 0.5, 0.93, 0, 1.0, 0, 0, 0.82, 0.58, 0.9, 0.0, 0.49, 0.49, 0.49, 1.0, 1.0, 0.89, 0.89, 0.9, 0, 1, 0.24, 0.29, 0.0]], [1, 0], [[0.13172167539596558, 0.8682783246040344], [0.7674330472946167, 0.2325669825077057]]], "6": [[[1.0, 1.0, 1.0, 1.0, 0.67, 0.5, 0.99, 0, 1.0, 0, 0, 0.82, 0.87, 1.0, 1.0, 1.0, 1.0, 1.0, 1.0, 1.0, 0.89, 1.0, 1.0, 1, 1, 0.34, 0.58, 1.0], [0.49, 0.5, 0.5, 0.5, 0.33, 0.5, 0.93, 0, 1.0, 0, 0, 0.82, 0.58, 0.9, 0.0, 0.49, 0.49, 0.49, 1.0, 1.0, 0.89, 0.89, 0.9, 0, 1, 0.24, 0.29, 0.0]], [1, 0], [[0.09525179862976074, 0.9047482013702393], [0.8175245523452759, 0.1824754774570465]]], "7": [[[1.0, 1.0, 1.0, 1.0, 0.5, 0.5, 1.0, 1, 0.87, 1, 1, 1.0, 1.0, 1.0, 1.0, 1.0, 1.0, 1.0, 1.0, 0.0, 1.0, 1.0, 1.0, 1, 1, 1.0, 1.0, 0.0], [0.49, 0.5, 0.5, 0.5, 0.5, 0.5, 1.0, 1, 0.94, 1, 1, 1.0, 1.0, 1.0, 1.0, 0.49, 0.49, 0.49, 1.0, 1.0, 1.0, 1.0, 1.0, 0, 1, 1.0, 1.0, 1.0]], [1, 1], [[0.012359797954559326, 0.9876402020454407], [0.02095162868499756, 0.9790483713150024]]]}