{"0": [[[1.0, 1.0, 1.0, 1.0, 1.0, 1.0, 0.98, 0, 1.0, 0, 0, 0.71, 0.71, 1.0, 1.0, 1.0, 1.0, 1.0, 1.0, 1.0, 0.87, 1.0, 1.0, 1, 1, 1.0]], [1], [[0.0032102465629577637, 0.9967897534370422]]], "1": [[[1.0, 1.0, 1.0, 1.0, 0.5, 0.5, 0.98, 0, 1.0, 0, 0, 0.71, 0.71, 1.0, 1.0, 1.0, 1.0, 1.0, 1.0, 1.0, 0.87, 1.0, 1.0, 1, 1, 1.0], [0.49, 0.5, 0.5, 0.5, 0.5, 0.5, 0.89, 0, 1.0, 0, 0, 0.71, 0.71, 0.9, 1.0, 0.49, 0.49, 0.49, 1.0, 1.0, 0.87, 1.0, 0.9, 0, 1, 0.76]], [1, 0], [[0.06788003444671631, 0.9321199655532837], [0.7056151628494263, 0.29438483715057373]]], "2": [[[1.0, 1.0, 1.0, 1.0, 0.67, 0.5, 0.98, 0, 1.0, 0, 0, 0.71, 0.71, 1.0, 1.0, 1.0, 1.0, 1.0, 1.0, 1.0, 0.87, 1.0, 1.0, 1, 1, 1.0], [0.49, 0.5, 0.5, 0.5, 0.33, 0.5, 0.89, 0, 1.0, 0, 0, 0.71, 0.71, 0.9, 1.0, 0.49, 0.49, 0.49, 1.0, 1.0, 0.87, 1.0, 0.9, 0, 1, 0.76]], [1, 0], [[0.051387667655944824, 0.9486123323440552], [0.7683889269828796, 0.23161105811595917]]], "3": [[[1.0, 1.0, 1.0, 1.0, 0.5, 0.5, 1.0, 1, 0.87, 1, 1, 1.0, 1.0, 1.0, 1.0, 1.0, 1.0, 1.0, 1.0, 0.0, 1.0, 1.0, 1.0, 1, 1, 1.0], [0.49, 0.5, 0.5, 0.5, 0.5, 0.5, 1.0, 1, 0.94, 1, 1, 1.0, 1.0, 1.0, 1.0, 0.49, 0.49, 0.49, 1.0, 1.0, 1.0, 1.0, 1.0, 0, 1, 1.0]], [1, 1], [[0.012123346328735352, 0.9878766536712646], [0.017498433589935303, 0.9825015664100647]]], "4": [[[1.0, 1.0, 1.0, 1.0, 1.0, 1.0, 0.99, 0, 1.0, 0, 0, 0.71, 0.71, 1.0, 1.0, 1.0, 1.0, 1.0, 1.0, 1.0, 0.87, 1.0, 1.0, 1, 1, 1.0]], [1], [[0.0032102465629577637, 0.9967897534370422]]], "5": [[[1.0, 1.0, 1.0, 1.0, 0.5, 0.5, 0.99, 0, 1.0, 0, 0, 0.71, 0.71, 1.0, 1.0, 1.0, 1.0, 1.0, 1.0, 1.0, 0.87, 1.0, 1.0, 1, 1, 1.0], [0.49, 0.5, 0.5, 0.5, 0.5, 0.5, 0.93, 0, 1.0, 0, 0, 0.71, 0.71, 0.9, 1.0, 0.49, 0.49, 0.49, 1.0, 1.0, 0.87, 1.0, 0.9, 0, 1, 0.76]], [1, 0], [[0.06788003444671631, 0.9321199655532837], [0.7002971172332764, 0.299702912569046]]], "6": [[[1.0, 1.0, 1.0, 1.0, 0.67, 0.5, 0.99, 0, 1.0, 0, 0, 0.71, 0.71, 1.0, 1.0, 1.0, 1.0, 1.0, 1.0, 1.0, 0.87, 1.0, 1.0, 1, 1, 1.0], [0.49, 0.5, 0.5, 0.5, 0.33, 0.5, 0.93, 0, 1.0, 0, 0, 0.71, 0.71, 0.9, 1.0, 0.49, 0.49, 0.49, 1.0, 1.0, 0.87, 1.0, 0.9, 0, 1, 0.76]], [1, 0], [[0.051387667655944824, 0.9486123323440552], [0.7683889269828796, 0.23161105811595917]]], "7": [[[1.0, 1.0, 1.0, 1.0, 0.5, 0.5, 1.0, 1, 0.87, 1, 1, 1.0, 1.0, 1.0, 1.0, 1.0, 1.0, 1.0, 1.0, 0.0, 1.0, 1.0, 1.0, 1, 1, 1.0], [0.49, 0.5, 0.5, 0.5, 0.5, 0.5, 1.0, 1, 0.94, 1, 1, 1.0, 1.0, 1.0, 1.0, 0.49, 0.49, 0.49, 1.0, 1.0, 1.0, 1.0, 1.0, 0, 1, 1.0]], [1, 1], [[0.012123346328735352, 0.9878766536712646], [0.017498433589935303, 0.9825015664100647]]]}