{"0": [[[1.0, 1.0, 1.0, 1.0, 1.0, 1.0, 0.98, 0.0, 1.0, 0.0, 0.0, 0.82, 0.58, 1.0, 0.0, 1.0, 1.0, 1.0, 1.0, 1.0, 1.0, 0.89, 1.0, 1.0, 1.0, 1.0, 1.0, 0.0, 0.0, 0.66, 1.0, 0.29, 0.0, 1.0, 1.0, 0.0, 1.0, 0.84, 1.0, 1.0]], [1], [[0.01893019676208496, 0.981069803237915]]], "1": [[[1.0, 1.0, 1.0, 1.0, 0.5, 0.5, 0.99, 0.0, 1.0, 0.0, 0.0, 0.82, 0.87, 1.0, 1.0, 1.0, 1.0, 1.0, 1.0, 1.0, 1.0, 0.89, 1.0, 1.0, 1.0, 1.0, 1.0, 0.0, 0.0, 0.66, 1.0, 0.58, 1.0, 0.5, 0.0, 1.0, 0.82, 0.84, 1.0, 1.0], [0.49, 0.5, 0.5, 0.5, 0.5, 0.5, 0.93, 0.0, 1.0, 0.0, 0.0, 0.82, 0.58, 0.9, 0.0, 0.49, 0.49, 0.49, 1.0, 1.0, 1.0, 0.89, 0.89, 0.9, 0.0, 1.0, 0.0, 1.0, 0.0, 0.23, 0.76, 0.29, 0.0, 1.0, 1.0, 0.0, 0.82, 0.84, 1.0, 1.0]], [1, 0], [[0.21946483850479126, 0.7805351614952087], [0.7369084358215332, 0.2630915641784668]]], "2": [[[1.0, 1.0, 1.0, 1.0, 0.67, 0.5, 0.99, 0.0, 1.0, 0.0, 0.0, 0.82, 0.87, 1.0, 1.0, 1.0, 1.0, 1.0, 1.0, 1.0, 1.0, 0.89, 1.0, 1.0, 1.0, 1.0, 1.0, 0.0, 0.0, 0.66, 1.0, 0.58, 1.0, 0.5, 0.0, 1.0, 0.82, 0.84, 1.0, 2.0], [0.49, 0.5, 0.5, 0.5, 0.33, 0.5, 0.93, 0.0, 1.0, 0.0, 0.0, 0.82, 0.58, 0.9, 0.0, 0.49, 0.49, 0.49, 1.0, 1.0, 1.0, 0.89, 0.89, 0.9, 0.0, 1.0, 0.0, 1.0, 0.0, 0.23, 0.76, 0.29, 0.0, 1.0, 1.0, 0.0, 0.82, 0.84, 0.5, 2.0]], [1, 0], [[0.16997188329696655, 0.8300281167030334], [0.6533430814743042, 0.3466568887233734]]], "3": [[[1.0, 1.0, 1.0, 1.0, 0.5, 0.5, 1.0, 1.0, 0.87, 1.0, 1.0, 1.0, 1.0, 1.0, 1.0, 1.0, 1.0, 1.0, 1.0, 0.0, 1.0, 1.0, 1.0, 1.0, 1.0, 1.0, 1.0, 0.0, 0.0, 0.96, 1.0, 1.0, 0.0, 0.5, 0.0, 1.0, 1.0, 1.0, 1.0, 1.0], [0.49, 0.5, 0.5, 0.5, 0.5, 0.5, 1.0, 1.0, 0.94, 1.0, 1.0, 1.0, 1.0, 1.0, 1.0, 0.49, 0.49, 0.49, 1.0, 1.0, 1.0, 1.0, 1.0, 1.0, 0.0, 1.0, 0.0, 1.0, 0.0, 0.0, 1.0, 1.0, 1.0, 0.5, 0.0, 1.0, 0.82, 1.0, 1.0, 1.0]], [1, 1], [[0.011581122875213623, 0.9884188771247864], [0.01653873920440674, 0.9834612607955933]]], "4": [[[1.0, 1.0, 1.0, 1.0, 1.0, 1.0, 0.98, 0.0, 1.0, 0.0, 0.0, 0.82, 0.58, 1.0, 0.0, 1.0, 1.0, 1.0, 1.0, 1.0, 0.0, 0.89, 1.0, 1.0, 1.0, 1.0, 1.0, 0.0, 0.0, 0.66, 1.0, 0.29, 0.0, 1.0, 1.0, 0.0, 1.0, 0.84, 1.0, 1.0]], [1], [[0.01602041721343994, 0.9839795827865601]]], "5": [[[1.0, 1.0, 1.0, 1.0, 0.5, 0.5, 0.99, 0.0, 1.0, 0.0, 0.0, 0.82, 0.87, 1.0, 1.0, 1.0, 1.0, 1.0, 1.0, 1.0, 0.0, 0.89, 1.0, 1.0, 1.0, 1.0, 1.0, 0.0, 0.0, 0.66, 1.0, 0.58, 1.0, 0.5, 0.0, 1.0, 0.82, 0.84, 1.0, 1.0], [0.49, 0.5, 0.5, 0.5, 0.5, 0.5, 0.93, 0.0, 1.0, 0.0, 0.0, 0.82, 0.58, 0.9, 0.0, 0.49, 0.49, 0.49, 1.0, 1.0, 0.0, 0.89, 0.89, 0.9, 0.0, 1.0, 0.0, 1.0, 0.0, 0.23, 0.76, 0.29, 0.0, 1.0, 1.0, 0.0, 0.82, 0.84, 1.0, 1.0]], [1, 0], [[0.1957148313522339, 0.8042851686477661], [0.7137874960899353, 0.2862125039100647]]], "6": [[[1.0, 1.0, 1.0, 1.0, 0.67, 0.5, 0.99, 0.0, 1.0, 0.0, 0.0, 0.82, 0.87, 1.0, 1.0, 1.0, 1.0, 1.0, 1.0, 1.0, 0.0, 0.89, 1.0, 1.0, 1.0, 1.0, 1.0, 0.0, 0.0, 0.66, 1.0, 0.58, 1.0, 0.5, 0.0, 1.0, 0.82, 0.84, 1.0, 2.0], [0.49, 0.5, 0.5, 0.5, 0.33, 0.5, 0.93, 0.0, 1.0, 0.0, 0.0, 0.82, 0.58, 0.9, 0.0, 0.49, 0.49, 0.49, 1.0, 1.0, 0.0, 0.89, 0.89, 0.9, 0.0, 1.0, 0.0, 1.0, 0.0, 0.23, 0.76, 0.29, 0.0, 1.0, 1.0, 0.0, 0.82, 0.84, 0.5, 2.0]], [1, 0], [[0.15054482221603394, 0.8494551777839661], [0.6442825198173523, 0.3557174801826477]]], "7": [[[1.0, 1.0, 1.0, 1.0, 0.5, 0.5, 1.0, 1.0, 0.87, 1.0, 1.0, 1.0, 1.0, 1.0, 1.0, 1.0, 1.0, 1.0, 1.0, 0.0, 0.0, 1.0, 1.0, 1.0, 1.0, 1.0, 1.0, 0.0, 0.0, 0.96, 1.0, 1.0, 0.0, 0.5, 0.0, 1.0, 1.0, 1.0, 1.0, 1.0], [0.49, 0.5, 0.5, 0.5, 0.5, 0.5, 1.0, 1.0, 0.94, 1.0, 1.0, 1.0, 1.0, 1.0, 1.0, 0.49, 0.49, 0.49, 1.0, 1.0, 0.0, 1.0, 1.0, 1.0, 0.0, 1.0, 0.0, 1.0, 0.0, 0.0, 1.0, 1.0, 1.0, 0.5, 0.0, 1.0, 0.82, 1.0, 1.0, 1.0]], [1, 1], [[0.011517643928527832, 0.9884823560714722], [0.016885757446289062, 0.9831142425537109]]]}