{"0": [[[1.0, 1.0, 1.0, 1.0, 1.0, 1.0, 0.98, 0.0, 1.0, 0.0, 0.0, 0.82, 0.58, 1.0, 0.0, 1.0, 1.0, 1.0, 1.0, 1.0, 1.0, 0.89, 1.0, 1.0, 1.0, 1.0, 1.0, 0.0, 0.0, 0.66, 1.0, 0.29, 0.0, 1.0, 1.0, 0.0, 1.0, 0.8, 1.0, 1.0]], [1], [[0.01620548963546753, 0.9837945103645325]]], "1": [[[1.0, 1.0, 1.0, 1.0, 0.5, 0.5, 0.99, 0.0, 1.0, 0.0, 0.0, 0.82, 0.87, 1.0, 1.0, 1.0, 1.0, 1.0, 1.0, 1.0, 1.0, 0.89, 1.0, 1.0, 1.0, 1.0, 1.0, 0.0, 0.0, 0.66, 1.0, 0.58, 1.0, 0.5, 0.0, 1.0, 0.82, 0.8, 1.0, 1.0], [0.49, 0.5, 0.5, 0.5, 0.5, 0.5, 0.93, 0.0, 1.0, 0.0, 0.0, 0.82, 0.58, 0.9, 0.0, 0.49, 0.49, 0.49, 1.0, 1.0, 1.0, 0.89, 0.89, 0.9, 0.0, 1.0, 0.0, 1.0, 0.0, 0.23, 0.76, 0.29, 0.0, 1.0, 1.0, 0.0, 0.82, 0.8, 1.0, 1.0]], [1, 0], [[0.20401906967163086, 0.7959809303283691], [0.7600546479225159, 0.23994533717632294]]], "2": [[[1.0, 1.0, 1.0, 1.0, 0.67, 0.5, 0.99, 0.0, 1.0, 0.0, 0.0, 0.82, 0.87, 1.0, 1.0, 1.0, 1.0, 1.0, 1.0, 1.0, 1.0, 0.89, 1.0, 1.0, 1.0, 1.0, 1.0, 0.0, 0.0, 0.66, 1.0, 0.58, 1.0, 0.5, 0.0, 1.0, 0.82, 0.8, 1.0, 2.0], [0.49, 0.5, 0.5, 0.5, 0.33, 0.5, 0.93, 0.0, 1.0, 0.0, 0.0, 0.82, 0.58, 0.9, 0.0, 0.49, 0.49, 0.49, 1.0, 1.0, 1.0, 0.89, 0.89, 0.9, 0.0, 1.0, 0.0, 1.0, 0.0, 0.23, 0.76, 0.29, 0.0, 1.0, 1.0, 0.0, 0.82, 0.8, 0.5, 2.0]], [1, 0], [[0.16234081983566284, 0.8376591801643372], [0.7753853797912598, 0.22461465001106262]]], "3": [[[1.0, 1.0, 1.0, 1.0, 0.5, 0.5, 1.0, 1.0, 0.87, 1.0, 1.0, 1.0, 1.0, 1.0, 1.0, 1.0, 1.0, 1.0, 1.0, 0.0, 1.0, 1.0, 1.0, 1.0, 1.0, 1.0, 1.0, 0.0, 0.0, 0.96, 1.0, 1.0, 0.0, 0.5, 0.0, 1.0, 1.0, 1.0, 1.0, 1.0], [0.49, 0.5, 0.5, 0.5, 0.5, 0.5, 1.0, 1.0, 0.94, 1.0, 1.0, 1.0, 1.0, 1.0, 1.0, 0.49, 0.49, 0.49, 1.0, 1.0, 1.0, 1.0, 1.0, 1.0, 0.0, 1.0, 0.0, 1.0, 0.0, 0.0, 1.0, 1.0, 1.0, 0.5, 0.0, 1.0, 0.82, 1.0, 1.0, 1.0]], [1, 1], [[0.01281726360321045, 0.9871827363967896], [0.030628681182861328, 0.9693713188171387]]], "4": [[[1.0, 1.0, 1.0, 1.0, 1.0, 1.0, 0.98, 0.0, 1.0, 0.0, 0.0, 0.82, 0.58, 1.0, 0.0, 1.0, 1.0, 1.0, 1.0, 1.0, 0.0, 0.89, 1.0, 1.0, 1.0, 1.0, 1.0, 0.0, 0.0, 0.66, 1.0, 0.29, 0.0, 1.0, 1.0, 0.0, 1.0, 0.8, 1.0, 1.0]], [1], [[0.013643622398376465, 0.9863563776016235]]], "5": [[[1.0, 1.0, 1.0, 1.0, 0.5, 0.5, 0.99, 0.0, 1.0, 0.0, 0.0, 0.82, 0.87, 1.0, 1.0, 1.0, 1.0, 1.0, 1.0, 1.0, 0.0, 0.89, 1.0, 1.0, 1.0, 1.0, 1.0, 0.0, 0.0, 0.66, 1.0, 0.58, 1.0, 0.5, 0.0, 1.0, 0.82, 0.8, 1.0, 1.0], [0.49, 0.5, 0.5, 0.5, 0.5, 0.5, 0.93, 0.0, 1.0, 0.0, 0.0, 0.82, 0.58, 0.9, 0.0, 0.49, 0.49, 0.49, 1.0, 1.0, 0.0, 0.89, 0.89, 0.9, 0.0, 1.0, 0.0, 1.0, 0.0, 0.23, 0.76, 0.29, 0.0, 1.0, 1.0, 0.0, 0.82, 0.8, 1.0, 1.0]], [1, 0], [[0.17494219541549683, 0.8250578045845032], [0.739067554473877, 0.26093241572380066]]], "6": [[[1.0, 1.0, 1.0, 1.0, 0.67, 0.5, 0.99, 0.0, 1.0, 0.0, 0.0, 0.82, 0.87, 1.0, 1.0, 1.0, 1.0, 1.0, 1.0, 1.0, 0.0, 0.89, 1.0, 1.0, 1.0, 1.0, 1.0, 0.0, 0.0, 0.66, 1.0, 0.58, 1.0, 0.5, 0.0, 1.0, 0.82, 0.8, 1.0, 2.0], [0.49, 0.5, 0.5, 0.5, 0.33, 0.5, 0.93, 0.0, 1.0, 0.0, 0.0, 0.82, 0.58, 0.9, 0.0, 0.49, 0.49, 0.49, 1.0, 1.0, 0.0, 0.89, 0.89, 0.9, 0.0, 1.0, 0.0, 1.0, 0.0, 0.23, 0.76, 0.29, 0.0, 1.0, 1.0, 0.0, 0.82, 0.8, 0.5, 2.0]], [1, 0], [[0.1381726861000061, 0.8618273138999939], [0.769852876663208, 0.23014715313911438]]], "7": [[[1.0, 1.0, 1.0, 1.0, 0.5, 0.5, 1.0, 1.0, 0.87, 1.0, 1.0, 1.0, 1.0, 1.0, 1.0, 1.0, 1.0, 1.0, 1.0, 0.0, 0.0, 1.0, 1.0, 1.0, 1.0, 1.0, 1.0, 0.0, 0.0, 0.96, 1.0, 1.0, 0.0, 0.5, 0.0, 1.0, 1.0, 1.0, 1.0, 1.0], [0.49, 0.5, 0.5, 0.5, 0.5, 0.5, 1.0, 1.0, 0.94, 1.0, 1.0, 1.0, 1.0, 1.0, 1.0, 0.49, 0.49, 0.49, 1.0, 1.0, 0.0, 1.0, 1.0, 1.0, 0.0, 1.0, 0.0, 1.0, 0.0, 0.0, 1.0, 1.0, 1.0, 0.5, 0.0, 1.0, 0.82, 1.0, 1.0, 1.0]], [1, 1], [[0.011486589908599854, 0.9885134100914001], [0.031152069568634033, 0.968847930431366]]]}