{"0": [[[1.0, 1.0, 1.0, 1.0, 1.0, 1.0, 0.98, 0, 1.0, 0, 0, 0.82, 0.58, 1.0, 0.0, 1.0, 1.0, 1.0, 1.0, 1.0, 1, 0.89, 1.0, 1.0, 1, 1, 1, 0, 0, 0.66, 1.0, 0.29, 0.0, 1.0, 1]], [1], [[0.01471179723739624, 0.9852882027626038]]], "1": [[[1.0, 1.0, 1.0, 1.0, 0.5, 0.5, 0.98, 0, 1.0, 0, 0, 0.82, 0.87, 1.0, 1.0, 1.0, 1.0, 1.0, 1.0, 1.0, 1, 0.89, 1.0, 1.0, 1, 1, 1, 0, 0, 0.66, 1.0, 0.58, 1.0, 0.5, 0], [0.49, 0.5, 0.5, 0.5, 0.5, 0.5, 0.89, 0, 1.0, 0, 0, 0.82, 0.58, 0.9, 0.0, 0.49, 0.49, 0.49, 1.0, 1.0, 1, 0.89, 0.89, 0.9, 0, 1, 0, 1, 0, 0.23, 0.76, 0.29, 0.0, 1.0, 1]], [1, 0], [[0.2531447410583496, 0.7468552589416504], [0.6970704793930054, 0.30292952060699463]]], "2": [[[1.0, 1.0, 1.0, 1.0, 0.67, 0.5, 0.98, 0, 1.0, 0, 0, 0.82, 0.87, 1.0, 1.0, 1.0, 1.0, 1.0, 1.0, 1.0, 1, 0.89, 1.0, 1.0, 1, 1, 1, 0, 0, 0.66, 1.0, 0.58, 1.0, 0.5, 0], [0.49, 0.5, 0.5, 0.5, 0.33, 0.5, 0.89, 0, 1.0, 0, 0, 0.82, 0.58, 0.9, 0.0, 0.49, 0.49, 0.49, 1.0, 1.0, 1, 0.89, 0.89, 0.9, 0, 1, 0, 1, 0, 0.23, 0.76, 0.29, 0.0, 1.0, 1]], [1, 0], [[0.20522081851959229, 0.7947791814804077], [0.7457990646362305, 0.2542009651660919]]], "3": [[[1.0, 1.0, 1.0, 1.0, 0.5, 0.5, 1.0, 1, 0.87, 1, 1, 1.0, 1.0, 1.0, 1.0, 1.0, 1.0, 1.0, 1.0, 0.0, 1, 1.0, 1.0, 1.0, 1, 1, 1, 0, 0, 0.96, 1.0, 1.0, 0.0, 0.5, 0], [0.49, 0.5, 0.5, 0.5, 0.5, 0.5, 1.0, 1, 0.94, 1, 1, 1.0, 1.0, 1.0, 1.0, 0.49, 0.49, 0.49, 1.0, 1.0, 1, 1.0, 1.0, 1.0, 0, 1, 0, 1, 0, 0.0, 1.0, 1.0, 1.0, 0.5, 0]], [1, 1], [[0.012063086032867432, 0.9879369139671326], [0.031721413135528564, 0.9682785868644714]]], "4": [[[1.0, 1.0, 1.0, 1.0, 1.0, 1.0, 0.98, 0, 1.0, 0, 0, 0.82, 0.58, 1.0, 0.0, 1.0, 1.0, 1.0, 1.0, 1.0, 0, 0.89, 1.0, 1.0, 1, 1, 1, 0, 0, 0.66, 1.0, 0.29, 0.0, 1.0, 1]], [1], [[0.014142036437988281, 0.9858579635620117]]], "5": [[[1.0, 1.0, 1.0, 1.0, 0.5, 0.5, 0.99, 0, 1.0, 0, 0, 0.82, 0.87, 1.0, 1.0, 1.0, 1.0, 1.0, 1.0, 1.0, 0, 0.89, 1.0, 1.0, 1, 1, 1, 0, 0, 0.66, 1.0, 0.58, 1.0, 0.5, 0], [0.49, 0.5, 0.5, 0.5, 0.5, 0.5, 0.93, 0, 1.0, 0, 0, 0.82, 0.58, 0.9, 0.0, 0.49, 0.49, 0.49, 1.0, 1.0, 0, 0.89, 0.89, 0.9, 0, 1, 0, 1, 0, 0.23, 0.76, 0.29, 0.0, 1.0, 1]], [1, 0], [[0.23074054718017578, 0.7692594528198242], [0.675621747970581, 0.32437828183174133]]], "6": [[[1.0, 1.0, 1.0, 1.0, 0.67, 0.5, 0.99, 0, 1.0, 0, 0, 0.82, 0.87, 1.0, 1.0, 1.0, 1.0, 1.0, 1.0, 1.0, 0, 0.89, 1.0, 1.0, 1, 1, 1, 0, 0, 0.66, 1.0, 0.58, 1.0, 0.5, 0], [0.49, 0.5, 0.5, 0.5, 0.33, 0.5, 0.93, 0, 1.0, 0, 0, 0.82, 0.58, 0.9, 0.0, 0.49, 0.49, 0.49, 1.0, 1.0, 0, 0.89, 0.89, 0.9, 0, 1, 0, 1, 0, 0.23, 0.76, 0.29, 0.0, 1.0, 1]], [1, 0], [[0.186001718044281, 0.813998281955719], [0.7232816815376282, 0.2767183184623718]]], "7": [[[1.0, 1.0, 1.0, 1.0, 0.5, 0.5, 1.0, 1, 0.87, 1, 1, 1.0, 1.0, 1.0, 1.0, 1.0, 1.0, 1.0, 1.0, 0.0, 0, 1.0, 1.0, 1.0, 1, 1, 1, 0, 0, 0.96, 1.0, 1.0, 0.0, 0.5, 0], [0.49, 0.5, 0.5, 0.5, 0.5, 0.5, 1.0, 1, 0.94, 1, 1, 1.0, 1.0, 1.0, 1.0, 0.49, 0.49, 0.49, 1.0, 1.0, 0, 1.0, 1.0, 1.0, 0, 1, 0, 1, 0, 0.0, 1.0, 1.0, 1.0, 0.5, 0]], [1, 1], [[0.010690093040466309, 0.9893099069595337], [0.027543604373931885, 0.9724563956260681]]]}