{"0": [[[1.0, 1.0, 1.0, 1.0, 1.0, 1.0, 0.98, 0.0, 1.0, 0.0, 0.0, 0.82, 0.58, 1.0, 0.0, 1.0, 1.0, 1.0, 1.0, 1.0, 1.0, 0.89, 1.0, 1.0, 1.0, 1.0, 1.0, 0.0, 0.0, 0.66, 1.0, 0.29, 0.0, 1.0, 1.0, 0.0, 1.0]], [1], [[0.012262821197509766, 0.9877371788024902]]], "1": [[[1.0, 1.0, 1.0, 1.0, 0.5, 0.5, 0.99, 0.0, 1.0, 0.0, 0.0, 0.82, 0.87, 1.0, 1.0, 1.0, 1.0, 1.0, 1.0, 1.0, 1.0, 0.89, 1.0, 1.0, 1.0, 1.0, 1.0, 0.0, 0.0, 0.66, 1.0, 0.58, 1.0, 0.5, 0.0, 1.0, 0.82], [0.49, 0.5, 0.5, 0.5, 0.5, 0.5, 0.93, 0.0, 1.0, 0.0, 0.0, 0.82, 0.58, 0.9, 0.0, 0.49, 0.49, 0.49, 1.0, 1.0, 1.0, 0.89, 0.89, 0.9, 0.0, 1.0, 0.0, 1.0, 0.0, 0.23, 0.76, 0.29, 0.0, 1.0, 1.0, 0.0, 0.82]], [1, 0], [[0.3353220224380493, 0.6646779775619507], [0.6383557915687561, 0.3616442084312439]]], "2": [[[1.0, 1.0, 1.0, 1.0, 0.67, 0.5, 0.99, 0.0, 1.0, 0.0, 0.0, 0.82, 0.87, 1.0, 1.0, 1.0, 1.0, 1.0, 1.0, 1.0, 1.0, 0.89, 1.0, 1.0, 1.0, 1.0, 1.0, 0.0, 0.0, 0.66, 1.0, 0.58, 1.0, 0.5, 0.0, 1.0, 0.82], [0.49, 0.5, 0.5, 0.5, 0.33, 0.5, 0.93, 0.0, 1.0, 0.0, 0.0, 0.82, 0.58, 0.9, 0.0, 0.49, 0.49, 0.49, 1.0, 1.0, 1.0, 0.89, 0.89, 0.9, 0.0, 1.0, 0.0, 1.0, 0.0, 0.23, 0.76, 0.29, 0.0, 1.0, 1.0, 0.0, 0.82]], [1, 0], [[0.2902910113334656, 0.7097089886665344], [0.638211727142334, 0.361788272857666]]], "3": [[[1.0, 1.0, 1.0, 1.0, 0.5, 0.5, 1.0, 1.0, 0.87, 1.0, 1.0, 1.0, 1.0, 1.0, 1.0, 1.0, 1.0, 1.0, 1.0, 0.0, 1.0, 1.0, 1.0, 1.0, 1.0, 1.0, 1.0, 0.0, 0.0, 0.96, 1.0, 1.0, 0.0, 0.5, 0.0, 1.0, 1.0], [0.49, 0.5, 0.5, 0.5, 0.5, 0.5, 1.0, 1.0, 0.94, 1.0, 1.0, 1.0, 1.0, 1.0, 1.0, 0.49, 0.49, 0.49, 1.0, 1.0, 1.0, 1.0, 1.0, 1.0, 0.0, 1.0, 0.0, 1.0, 0.0, 0.0, 1.0, 1.0, 1.0, 0.5, 0.0, 1.0, 0.82]], [1, 1], [[0.016499996185302734, 0.9835000038146973], [0.03285419940948486, 0.9671458005905151]]], "4": [[[1.0, 1.0, 1.0, 1.0, 1.0, 1.0, 0.98, 0.0, 1.0, 0.0, 0.0, 0.82, 0.58, 1.0, 0.0, 1.0, 1.0, 1.0, 1.0, 1.0, 0.0, 0.89, 1.0, 1.0, 1.0, 1.0, 1.0, 0.0, 0.0, 0.66, 1.0, 0.29, 0.0, 1.0, 1.0, 0.0, 1.0]], [1], [[0.011590242385864258, 0.9884097576141357]]], "5": [[[1.0, 1.0, 1.0, 1.0, 0.5, 0.5, 0.99, 0.0, 1.0, 0.0, 0.0, 0.82, 0.87, 1.0, 1.0, 1.0, 1.0, 1.0, 1.0, 1.0, 0.0, 0.89, 1.0, 1.0, 1.0, 1.0, 1.0, 0.0, 0.0, 0.66, 1.0, 0.58, 1.0, 0.5, 0.0, 1.0, 0.82], [0.49, 0.5, 0.5, 0.5, 0.5, 0.5, 0.93, 0.0, 1.0, 0.0, 0.0, 0.82, 0.58, 0.9, 0.0, 0.49, 0.49, 0.49, 1.0, 1.0, 0.0, 0.89, 0.89, 0.9, 0.0, 1.0, 0.0, 1.0, 0.0, 0.23, 0.76, 0.29, 0.0, 1.0, 1.0, 0.0, 0.82]], [1, 0], [[0.298107385635376, 0.701892614364624], [0.6148669719696045, 0.3851330280303955]]], "6": [[[1.0, 1.0, 1.0, 1.0, 0.67, 0.5, 0.99, 0.0, 1.0, 0.0, 0.0, 0.82, 0.87, 1.0, 1.0, 1.0, 1.0, 1.0, 1.0, 1.0, 0.0, 0.89, 1.0, 1.0, 1.0, 1.0, 1.0, 0.0, 0.0, 0.66, 1.0, 0.58, 1.0, 0.5, 0.0, 1.0, 0.82], [0.49, 0.5, 0.5, 0.5, 0.33, 0.5, 0.93, 0.0, 1.0, 0.0, 0.0, 0.82, 0.58, 0.9, 0.0, 0.49, 0.49, 0.49, 1.0, 1.0, 0.0, 0.89, 0.89, 0.9, 0.0, 1.0, 0.0, 1.0, 0.0, 0.23, 0.76, 0.29, 0.0, 1.0, 1.0, 0.0, 0.82]], [1, 0], [[0.25614798069000244, 0.7438520193099976], [0.6148681640625, 0.3851318061351776]]], "7": [[[1.0, 1.0, 1.0, 1.0, 0.5, 0.5, 1.0, 1.0, 0.87, 1.0, 1.0, 1.0, 1.0, 1.0, 1.0, 1.0, 1.0, 1.0, 1.0, 0.0, 0.0, 1.0, 1.0, 1.0, 1.0, 1.0, 1.0, 0.0, 0.0, 0.96, 1.0, 1.0, 0.0, 0.5, 0.0, 1.0, 1.0], [0.49, 0.5, 0.5, 0.5, 0.5, 0.5, 1.0, 1.0, 0.94, 1.0, 1.0, 1.0, 1.0, 1.0, 1.0, 0.49, 0.49, 0.49, 1.0, 1.0, 0.0, 1.0, 1.0, 1.0, 0.0, 1.0, 0.0, 1.0, 0.0, 0.0, 1.0, 1.0, 1.0, 0.5, 0.0, 1.0, 0.82]], [1, 1], [[0.017200231552124023, 0.982799768447876], [0.03631502389907837, 0.9636849761009216]]]}