{"0": [[[1.0, 1.0, 1.0, 1.0, 1.0, 1.0, 0.98, 0, 1.0, 0, 0, 0.82, 0.58, 1.0, 0.0, 1.0, 1.0, 1.0, 1.0, 1.0, 1, 0.89, 1.0, 1.0, 1, 1, 1, 0, 0, 0.66, 1.0, 0.29, 0.0, 1.0, 1, 0.0, 0.88]], [1], [[0.05543255805969238, 0.9445674419403076]]], "1": [[[1.0, 1.0, 1.0, 1.0, 0.5, 0.5, 0.98, 0, 1.0, 0, 0, 0.82, 0.87, 1.0, 1.0, 1.0, 1.0, 1.0, 1.0, 1.0, 1, 0.89, 1.0, 1.0, 1, 1, 1, 0, 0, 0.66, 1.0, 0.58, 1.0, 0.5, 0, 1.0, 1.0], [0.49, 0.5, 0.5, 0.5, 0.5, 0.5, 0.89, 0, 1.0, 0, 0, 0.82, 0.58, 0.9, 0.0, 0.49, 0.49, 0.49, 1.0, 1.0, 1, 0.89, 0.89, 0.9, 0, 1, 0, 1, 0, 0.23, 0.76, 0.29, 0.0, 1.0, 1, 0.0, 0.88]], [1, 0], [[0.1701377034187317, 0.8298622965812683], [0.7023357152938843, 0.2976642847061157]]], "2": [[[1.0, 1.0, 1.0, 1.0, 0.67, 0.5, 0.98, 0, 1.0, 0, 0, 0.82, 0.87, 1.0, 1.0, 1.0, 1.0, 1.0, 1.0, 1.0, 1, 0.89, 1.0, 1.0, 1, 1, 1, 0, 0, 0.66, 1.0, 0.58, 1.0, 0.5, 0, 1.0, 1.0], [0.49, 0.5, 0.5, 0.5, 0.33, 0.5, 0.89, 0, 1.0, 0, 0, 0.82, 0.58, 0.9, 0.0, 0.49, 0.49, 0.49, 1.0, 1.0, 1, 0.89, 0.89, 0.9, 0, 1, 0, 1, 0, 0.23, 0.76, 0.29, 0.0, 1.0, 1, 0.0, 0.88]], [1, 0], [[0.12527084350585938, 0.8747291564941406], [0.7434412240982056, 0.25655874609947205]]], "3": [[[1.0, 1.0, 1.0, 1.0, 0.5, 0.5, 1.0, 1, 0.87, 1, 1, 1.0, 1.0, 1.0, 1.0, 1.0, 1.0, 1.0, 1.0, 0.0, 1, 1.0, 1.0, 1.0, 1, 1, 1, 0, 0, 0.96, 1.0, 1.0, 0.0, 0.5, 0, 1.0, 1.0], [0.49, 0.5, 0.5, 0.5, 0.5, 0.5, 1.0, 1, 0.94, 1, 1, 1.0, 1.0, 1.0, 1.0, 0.49, 0.49, 0.49, 1.0, 1.0, 1, 1.0, 1.0, 1.0, 0, 1, 0, 1, 0, 0.0, 1.0, 1.0, 1.0, 0.5, 0, 1.0, 1.0]], [1, 1], [[0.014772653579711914, 0.9852273464202881], [0.030887365341186523, 0.9691126346588135]]], "4": [[[1.0, 1.0, 1.0, 1.0, 1.0, 1.0, 0.98, 0, 1.0, 0, 0, 0.82, 0.58, 1.0, 0.0, 1.0, 1.0, 1.0, 1.0, 1.0, 0, 0.89, 1.0, 1.0, 1, 1, 1, 0, 0, 0.66, 1.0, 0.29, 0.0, 1.0, 1, 0.0, 0.88]], [1], [[0.051562607288360596, 0.9484373927116394]]], "5": [[[1.0, 1.0, 1.0, 1.0, 0.5, 0.5, 0.99, 0, 1.0, 0, 0, 0.82, 0.87, 1.0, 1.0, 1.0, 1.0, 1.0, 1.0, 1.0, 0, 0.89, 1.0, 1.0, 1, 1, 1, 0, 0, 0.66, 1.0, 0.58, 1.0, 0.5, 0, 1.0, 1.0], [0.49, 0.5, 0.5, 0.5, 0.5, 0.5, 0.93, 0, 1.0, 0, 0, 0.82, 0.58, 0.9, 0.0, 0.49, 0.49, 0.49, 1.0, 1.0, 0, 0.89, 0.89, 0.9, 0, 1, 0, 1, 0, 0.23, 0.76, 0.29, 0.0, 1.0, 1, 0.0, 0.88]], [1, 0], [[0.16414791345596313, 0.8358520865440369], [0.650829553604126, 0.349170446395874]]], "6": [[[1.0, 1.0, 1.0, 1.0, 0.67, 0.5, 0.99, 0, 1.0, 0, 0, 0.82, 0.87, 1.0, 1.0, 1.0, 1.0, 1.0, 1.0, 1.0, 0, 0.89, 1.0, 1.0, 1, 1, 1, 0, 0, 0.66, 1.0, 0.58, 1.0, 0.5, 0, 1.0, 1.0], [0.49, 0.5, 0.5, 0.5, 0.33, 0.5, 0.93, 0, 1.0, 0, 0, 0.82, 0.58, 0.9, 0.0, 0.49, 0.49, 0.49, 1.0, 1.0, 0, 0.89, 0.89, 0.9, 0, 1, 0, 1, 0, 0.23, 0.76, 0.29, 0.0, 1.0, 1, 0.0, 0.88]], [1, 0], [[0.12063097953796387, 0.8793690204620361], [0.6982083916664124, 0.30179160833358765]]], "7": [[[1.0, 1.0, 1.0, 1.0, 0.5, 0.5, 1.0, 1, 0.87, 1, 1, 1.0, 1.0, 1.0, 1.0, 1.0, 1.0, 1.0, 1.0, 0.0, 0, 1.0, 1.0, 1.0, 1, 1, 1, 0, 0, 0.96, 1.0, 1.0, 0.0, 0.5, 0, 1.0, 1.0], [0.49, 0.5, 0.5, 0.5, 0.5, 0.5, 1.0, 1, 0.94, 1, 1, 1.0, 1.0, 1.0, 1.0, 0.49, 0.49, 0.49, 1.0, 1.0, 0, 1.0, 1.0, 1.0, 0, 1, 0, 1, 0, 0.0, 1.0, 1.0, 1.0, 0.5, 0, 1.0, 1.0]], [1, 1], [[0.013427257537841797, 0.9865727424621582], [0.029986143112182617, 0.9700138568878174]]]}