{"0": [[[1.0, 1.0, 1.0, 1.0, 1.0, 1.0, 0.98, 0, 1.0, 0, 0, 0.71, 0.71, 1.0, 1.0, 1.0, 1.0, 1.0, 1.0, 1.0, 1, 0.87, 1.0, 1.0]], [1], [[0.0027263760566711426, 0.9972736239433289]]], "1": [[[1.0, 1.0, 1.0, 1.0, 0.5, 0.5, 0.98, 0, 1.0, 0, 0, 0.71, 0.71, 1.0, 1.0, 1.0, 1.0, 1.0, 1.0, 1.0, 1, 0.87, 1.0, 1.0], [0.49, 0.5, 0.5, 0.5, 0.5, 0.5, 0.89, 0, 1.0, 0, 0, 0.71, 0.71, 0.9, 1.0, 0.49, 0.49, 0.49, 1.0, 1.0, 1, 0.87, 1.0, 0.9]], [1, 0], [[0.02289634943008423, 0.9771036505699158], [0.8872429132461548, 0.11275706440210342]]], "2": [[[1.0, 1.0, 1.0, 1.0, 0.67, 0.5, 0.98, 0, 1.0, 0, 0, 0.71, 0.71, 1.0, 1.0, 1.0, 1.0, 1.0, 1.0, 1.0, 1, 0.87, 1.0, 1.0], [0.49, 0.5, 0.5, 0.5, 0.33, 0.5, 0.89, 0, 1.0, 0, 0, 0.71, 0.71, 0.9, 1.0, 0.49, 0.49, 0.49, 1.0, 1.0, 1, 0.87, 1.0, 0.9]], [1, 0], [[0.013199329376220703, 0.9868006706237793], [0.9200947284698486, 0.07990529388189316]]], "3": [[[1.0, 1.0, 1.0, 1.0, 0.5, 0.5, 1.0, 1, 0.87, 1, 1, 1.0, 1.0, 1.0, 1.0, 1.0, 1.0, 1.0, 1.0, 0.0, 1, 1.0, 1.0, 1.0], [0.49, 0.5, 0.5, 0.5, 0.5, 0.5, 1.0, 1, 0.94, 1, 1, 1.0, 1.0, 1.0, 1.0, 0.49, 0.49, 0.49, 1.0, 1.0, 1, 1.0, 1.0, 1.0]], [1, 1], [[0.0031864047050476074, 0.9968135952949524], [0.005585312843322754, 0.9944146871566772]]], "4": [[[1.0, 1.0, 1.0, 1.0, 1.0, 1.0, 0.99, 0, 1.0, 0, 0, 0.71, 0.71, 1.0, 1.0, 1.0, 1.0, 1.0, 1.0, 1.0, 0, 0.87, 1.0, 1.0]], [1], [[0.0027263760566711426, 0.9972736239433289]]], "5": [[[1.0, 1.0, 1.0, 1.0, 0.5, 0.5, 0.99, 0, 1.0, 0, 0, 0.71, 0.71, 1.0, 1.0, 1.0, 1.0, 1.0, 1.0, 1.0, 0, 0.87, 1.0, 1.0], [0.49, 0.5, 0.5, 0.5, 0.5, 0.5, 0.93, 0, 1.0, 0, 0, 0.71, 0.71, 0.9, 1.0, 0.49, 0.49, 0.49, 1.0, 1.0, 0, 0.87, 1.0, 0.9]], [1, 0], [[0.02289634943008423, 0.9771036505699158], [0.8155514001846313, 0.18444858491420746]]], "6": [[[1.0, 1.0, 1.0, 1.0, 0.67, 0.5, 0.99, 0, 1.0, 0, 0, 0.71, 0.71, 1.0, 1.0, 1.0, 1.0, 1.0, 1.0, 1.0, 0, 0.87, 1.0, 1.0], [0.49, 0.5, 0.5, 0.5, 0.33, 0.5, 0.93, 0, 1.0, 0, 0, 0.71, 0.71, 0.9, 1.0, 0.49, 0.49, 0.49, 1.0, 1.0, 0, 0.87, 1.0, 0.9]], [1, 0], [[0.013199329376220703, 0.9868006706237793], [0.8681048154830933, 0.13189518451690674]]], "7": [[[1.0, 1.0, 1.0, 1.0, 0.5, 0.5, 1.0, 1, 0.87, 1, 1, 1.0, 1.0, 1.0, 1.0, 1.0, 1.0, 1.0, 1.0, 0.0, 0, 1.0, 1.0, 1.0], [0.49, 0.5, 0.5, 0.5, 0.5, 0.5, 1.0, 1, 0.94, 1, 1, 1.0, 1.0, 1.0, 1.0, 0.49, 0.49, 0.49, 1.0, 1.0, 0, 1.0, 1.0, 1.0]], [1, 1], [[0.0031864047050476074, 0.9968135952949524], [0.005585312843322754, 0.9944146871566772]]]}