{"0": [[[1.0, 1.0, 1.0, 1.0, 1.0, 1.0, 0.98, 0, 1.0, 0, 0, 0.82, 0.58, 1.0, 0.0, 1.0, 1.0, 1.0, 1.0, 1.0, 1, 0.89, 1.0, 1.0, 1, 1, 1, 0, 0, 0.66, 0.34, 0.29, 0.0, 1.0, 1]], [1], [[0.009961843490600586, 0.9900381565093994]]], "1": [[[1.0, 1.0, 1.0, 1.0, 0.5, 0.5, 0.98, 0, 1.0, 0, 0, 0.82, 0.87, 1.0, 1.0, 1.0, 1.0, 1.0, 1.0, 1.0, 1, 0.89, 1.0, 1.0, 1, 1, 1, 0, 0, 0.66, 0.34, 0.58, 1.0, 0.5, 0], [0.49, 0.5, 0.5, 0.5, 0.5, 0.5, 0.89, 0, 1.0, 0, 0, 0.82, 0.58, 0.9, 0.0, 0.49, 0.49, 0.49, 1.0, 1.0, 1, 0.89, 0.89, 0.9, 0, 1, 0, 1, 0, 0.23, 0.24, 0.29, 0.0, 1.0, 1]], [1, 0], [[0.16583263874053955, 0.8341673612594604], [0.7094606161117554, 0.29053935408592224]]], "2": [[[1.0, 1.0, 1.0, 1.0, 0.67, 0.5, 0.98, 0, 1.0, 0, 0, 0.82, 0.87, 1.0, 1.0, 1.0, 1.0, 1.0, 1.0, 1.0, 1, 0.89, 1.0, 1.0, 1, 1, 1, 0, 0, 0.66, 0.34, 0.58, 1.0, 0.5, 0], [0.49, 0.5, 0.5, 0.5, 0.33, 0.5, 0.89, 0, 1.0, 0, 0, 0.82, 0.58, 0.9, 0.0, 0.49, 0.49, 0.49, 1.0, 1.0, 1, 0.89, 0.89, 0.9, 0, 1, 0, 1, 0, 0.23, 0.24, 0.29, 0.0, 1.0, 1]], [1, 0], [[0.1554480791091919, 0.8445519208908081], [0.7488232254981995, 0.25117677450180054]]], "3": [[[1.0, 1.0, 1.0, 1.0, 0.5, 0.5, 1.0, 1, 0.87, 1, 1, 1.0, 1.0, 1.0, 1.0, 1.0, 1.0, 1.0, 1.0, 0.0, 1, 1.0, 1.0, 1.0, 1, 1, 1, 0, 0, 0.96, 1.0, 1.0, 0.0, 0.5, 0], [0.49, 0.5, 0.5, 0.5, 0.5, 0.5, 1.0, 1, 0.94, 1, 1, 1.0, 1.0, 1.0, 1.0, 0.49, 0.49, 0.49, 1.0, 1.0, 1, 1.0, 1.0, 1.0, 0, 1, 0, 1, 0, 0.0, 1.0, 1.0, 1.0, 0.5, 0]], [1, 1], [[0.012063086032867432, 0.9879369139671326], [0.031721413135528564, 0.9682785868644714]]], "4": [[[1.0, 1.0, 1.0, 1.0, 1.0, 1.0, 0.98, 0, 1.0, 0, 0, 0.82, 0.58, 1.0, 0.0, 1.0, 1.0, 1.0, 1.0, 1.0, 0, 0.89, 1.0, 1.0, 1, 1, 1, 0, 0, 0.66, 0.34, 0.29, 0.0, 1.0, 1]], [1], [[0.01044607162475586, 0.9895539283752441]]], "5": [[[1.0, 1.0, 1.0, 1.0, 0.5, 0.5, 0.99, 0, 1.0, 0, 0, 0.82, 0.87, 1.0, 1.0, 1.0, 1.0, 1.0, 1.0, 1.0, 0, 0.89, 1.0, 1.0, 1, 1, 1, 0, 0, 0.66, 0.34, 0.58, 1.0, 0.5, 0], [0.49, 0.5, 0.5, 0.5, 0.5, 0.5, 0.93, 0, 1.0, 0, 0, 0.82, 0.58, 0.9, 0.0, 0.49, 0.49, 0.49, 1.0, 1.0, 0, 0.89, 0.89, 0.9, 0, 1, 0, 1, 0, 0.23, 0.24, 0.29, 0.0, 1.0, 1]], [1, 0], [[0.16729843616485596, 0.832701563835144], [0.7047085762023926, 0.29529139399528503]]], "6": [[[1.0, 1.0, 1.0, 1.0, 0.67, 0.5, 0.99, 0, 1.0, 0, 0, 0.82, 0.87, 1.0, 1.0, 1.0, 1.0, 1.0, 1.0, 1.0, 0, 0.89, 1.0, 1.0, 1, 1, 1, 0, 0, 0.66, 0.34, 0.58, 1.0, 0.5, 0], [0.49, 0.5, 0.5, 0.5, 0.33, 0.5, 0.93, 0, 1.0, 0, 0, 0.82, 0.58, 0.9, 0.0, 0.49, 0.49, 0.49, 1.0, 1.0, 0, 0.89, 0.89, 0.9, 0, 1, 0, 1, 0, 0.23, 0.24, 0.29, 0.0, 1.0, 1]], [1, 0], [[0.15683943033218384, 0.8431605696678162], [0.741452693939209, 0.2585473358631134]]], "7": [[[1.0, 1.0, 1.0, 1.0, 0.5, 0.5, 1.0, 1, 0.87, 1, 1, 1.0, 1.0, 1.0, 1.0, 1.0, 1.0, 1.0, 1.0, 0.0, 0, 1.0, 1.0, 1.0, 1, 1, 1, 0, 0, 0.96, 1.0, 1.0, 0.0, 0.5, 0], [0.49, 0.5, 0.5, 0.5, 0.5, 0.5, 1.0, 1, 0.94, 1, 1, 1.0, 1.0, 1.0, 1.0, 0.49, 0.49, 0.49, 1.0, 1.0, 0, 1.0, 1.0, 1.0, 0, 1, 0, 1, 0, 0.0, 1.0, 1.0, 1.0, 0.5, 0]], [1, 1], [[0.010690093040466309, 0.9893099069595337], [0.027543604373931885, 0.9724563956260681]]]}