{"0": [[[1.0, 1.0, 1.0, 1.0, 1.0, 1.0, 0.98, 0, 1.0, 0, 0, 0.82, 0.58, 1.0, 0.0, 1.0, 1.0, 1.0, 1.0, 1.0, 0.89, 1.0, 1.0, 1, 1, 0.34, 0.29, 0.0]], [1], [[0.02620840072631836, 0.9737915992736816]]], "1": [[[1.0, 1.0, 1.0, 1.0, 0.5, 0.5, 0.98, 0, 1.0, 0, 0, 0.82, 0.87, 1.0, 1.0, 1.0, 1.0, 1.0, 1.0, 1.0, 0.89, 1.0, 1.0, 1, 1, 0.34, 0.58, 1.0], [0.49, 0.5, 0.5, 0.5, 0.5, 0.5, 0.89, 0, 1.0, 0, 0, 0.82, 0.58, 0.9, 0.0, 0.49, 0.49, 0.49, 1.0, 1.0, 0.89, 0.89, 0.9, 0, 1, 0.24, 0.29, 0.0]], [1, 0], [[0.15509891510009766, 0.8449010848999023], [0.784616231918335, 0.21538375318050385]]], "2": [[[1.0, 1.0, 1.0, 1.0, 0.67, 0.5, 0.98, 0, 1.0, 0, 0, 0.82, 0.87, 1.0, 1.0, 1.0, 1.0, 1.0, 1.0, 1.0, 0.89, 1.0, 1.0, 1, 1, 0.34, 0.58, 1.0], [0.49, 0.5, 0.5, 0.5, 0.33, 0.5, 0.89, 0, 1.0, 0, 0, 0.82, 0.58, 0.9, 0.0, 0.49, 0.49, 0.49, 1.0, 1.0, 0.89, 0.89, 0.9, 0, 1, 0.24, 0.29, 0.0]], [1, 0], [[0.12309926748275757, 0.8769007325172424], [0.8274556398391724, 0.17254438996315002]]], "3": [[[1.0, 1.0, 1.0, 1.0, 0.5, 0.5, 1.0, 1, 0.87, 1, 1, 1.0, 1.0, 1.0, 1.0, 1.0, 1.0, 1.0, 1.0, 0.0, 1.0, 1.0, 1.0, 1, 1, 1.0, 1.0, 0.0], [0.49, 0.5, 0.5, 0.5, 0.5, 0.5, 1.0, 1, 0.94, 1, 1, 1.0, 1.0, 1.0, 1.0, 0.49, 0.49, 0.49, 1.0, 1.0, 1.0, 1.0, 1.0, 0, 1, 1.0, 1.0, 1.0]], [1, 1], [[0.022283494472503662, 0.9777165055274963], [0.013318896293640137, 0.9866811037063599]]], "4": [[[1.0, 1.0, 1.0, 1.0, 1.0, 1.0, 0.98, 0, 1.0, 0, 0, 0.82, 0.58, 1.0, 0.0, 1.0, 1.0, 1.0, 1.0, 1.0, 0.89, 1.0, 1.0, 1, 1, 0.34, 0.29, 0.0]], [1], [[0.02620840072631836, 0.9737915992736816]]], "5": [[[1.0, 1.0, 1.0, 1.0, 0.5, 0.5, 0.99, 0, 1.0, 0, 0, 0.82, 0.87, 1.0, 1.0, 1.0, 1.0, 1.0, 1.0, 1.0, 0.89, 1.0, 1.0, 1, 1, 0.34, 0.58, 1.0], [0.49, 0.5, 0.5, 0.5, 0.5, 0.5, 0.93, 0, 1.0, 0, 0, 0.82, 0.58, 0.9, 0.0, 0.49, 0.49, 0.49, 1.0, 1.0, 0.89, 0.89, 0.9, 0, 1, 0.24, 0.29, 0.0]], [1, 0], [[0.15509891510009766, 0.8449010848999023], [0.784616231918335, 0.21538375318050385]]], "6": [[[1.0, 1.0, 1.0, 1.0, 0.67, 0.5, 0.99, 0, 1.0, 0, 0, 0.82, 0.87, 1.0, 1.0, 1.0, 1.0, 1.0, 1.0, 1.0, 0.89, 1.0, 1.0, 1, 1, 0.34, 0.58, 1.0], [0.49, 0.5, 0.5, 0.5, 0.33, 0.5, 0.93, 0, 1.0, 0, 0, 0.82, 0.58, 0.9, 0.0, 0.49, 0.49, 0.49, 1.0, 1.0, 0.89, 0.89, 0.9, 0, 1, 0.24, 0.29, 0.0]], [1, 0], [[0.12309926748275757, 0.8769007325172424], [0.8274556398391724, 0.17254438996315002]]], "7": [[[1.0, 1.0, 1.0, 1.0, 0.5, 0.5, 1.0, 1, 0.87, 1, 1, 1.0, 1.0, 1.0, 1.0, 1.0, 1.0, 1.0, 1.0, 0.0, 1.0, 1.0, 1.0, 1, 1, 1.0, 1.0, 0.0], [0.49, 0.5, 0.5, 0.5, 0.5, 0.5, 1.0, 1, 0.94, 1, 1, 1.0, 1.0, 1.0, 1.0, 0.49, 0.49, 0.49, 1.0, 1.0, 1.0, 1.0, 1.0, 0, 1, 1.0, 1.0, 1.0]], [1, 1], [[0.022283494472503662, 0.9777165055274963], [0.013318896293640137, 0.9866811037063599]]]}