{"0": [[[1.0, 1.0, 1.0, 1.0, 1.0, 1.0, 0.98, 0, 1.0, 0, 0, 0.82, 0.58, 1.0, 0.0, 1.0, 1.0, 1.0, 1.0, 1.0, 0.89, 1.0, 1.0, 1, 1, 1.0, 0.29, 0.0]], [1], [[0.00698775053024292, 0.9930122494697571]]], "1": [[[1.0, 1.0, 1.0, 1.0, 0.5, 0.5, 0.98, 0, 1.0, 0, 0, 0.82, 0.87, 1.0, 1.0, 1.0, 1.0, 1.0, 1.0, 1.0, 0.89, 1.0, 1.0, 1, 1, 1.0, 0.58, 1.0], [0.49, 0.5, 0.5, 0.5, 0.5, 0.5, 0.89, 0, 1.0, 0, 0, 0.82, 0.58, 0.9, 0.0, 0.49, 0.49, 0.49, 1.0, 1.0, 0.89, 0.89, 0.9, 0, 1, 0.76, 0.29, 0.0]], [1, 0], [[0.0871422290802002, 0.9128577709197998], [0.7698835134506226, 0.23011645674705505]]], "2": [[[1.0, 1.0, 1.0, 1.0, 0.67, 0.5, 0.98, 0, 1.0, 0, 0, 0.82, 0.87, 1.0, 1.0, 1.0, 1.0, 1.0, 1.0, 1.0, 0.89, 1.0, 1.0, 1, 1, 1.0, 0.58, 1.0], [0.49, 0.5, 0.5, 0.5, 0.33, 0.5, 0.89, 0, 1.0, 0, 0, 0.82, 0.58, 0.9, 0.0, 0.49, 0.49, 0.49, 1.0, 1.0, 0.89, 0.89, 0.9, 0, 1, 0.76, 0.29, 0.0]], [1, 0], [[0.07441484928131104, 0.925585150718689], [0.8149621486663818, 0.18503785133361816]]], "3": [[[1.0, 1.0, 1.0, 1.0, 0.5, 0.5, 1.0, 1, 0.87, 1, 1, 1.0, 1.0, 1.0, 1.0, 1.0, 1.0, 1.0, 1.0, 0.0, 1.0, 1.0, 1.0, 1, 1, 1.0, 1.0, 0.0], [0.49, 0.5, 0.5, 0.5, 0.5, 0.5, 1.0, 1, 0.94, 1, 1, 1.0, 1.0, 1.0, 1.0, 0.49, 0.49, 0.49, 1.0, 1.0, 1.0, 1.0, 1.0, 0, 1, 1.0, 1.0, 1.0]], [1, 1], [[0.022283494472503662, 0.9777165055274963], [0.013318896293640137, 0.9866811037063599]]], "4": [[[1.0, 1.0, 1.0, 1.0, 1.0, 1.0, 0.98, 0, 1.0, 0, 0, 0.82, 0.58, 1.0, 0.0, 1.0, 1.0, 1.0, 1.0, 1.0, 0.89, 1.0, 1.0, 1, 1, 1.0, 0.29, 0.0]], [1], [[0.00698775053024292, 0.9930122494697571]]], "5": [[[1.0, 1.0, 1.0, 1.0, 0.5, 0.5, 0.99, 0, 1.0, 0, 0, 0.82, 0.87, 1.0, 1.0, 1.0, 1.0, 1.0, 1.0, 1.0, 0.89, 1.0, 1.0, 1, 1, 1.0, 0.58, 1.0], [0.49, 0.5, 0.5, 0.5, 0.5, 0.5, 0.93, 0, 1.0, 0, 0, 0.82, 0.58, 0.9, 0.0, 0.49, 0.49, 0.49, 1.0, 1.0, 0.89, 0.89, 0.9, 0, 1, 0.76, 0.29, 0.0]], [1, 0], [[0.0871422290802002, 0.9128577709197998], [0.7698835134506226, 0.23011645674705505]]], "6": [[[1.0, 1.0, 1.0, 1.0, 0.67, 0.5, 0.99, 0, 1.0, 0, 0, 0.82, 0.87, 1.0, 1.0, 1.0, 1.0, 1.0, 1.0, 1.0, 0.89, 1.0, 1.0, 1, 1, 1.0, 0.58, 1.0], [0.49, 0.5, 0.5, 0.5, 0.33, 0.5, 0.93, 0, 1.0, 0, 0, 0.82, 0.58, 0.9, 0.0, 0.49, 0.49, 0.49, 1.0, 1.0, 0.89, 0.89, 0.9, 0, 1, 0.76, 0.29, 0.0]], [1, 0], [[0.07441484928131104, 0.925585150718689], [0.8149621486663818, 0.18503785133361816]]], "7": [[[1.0, 1.0, 1.0, 1.0, 0.5, 0.5, 1.0, 1, 0.87, 1, 1, 1.0, 1.0, 1.0, 1.0, 1.0, 1.0, 1.0, 1.0, 0.0, 1.0, 1.0, 1.0, 1, 1, 1.0, 1.0, 0.0], [0.49, 0.5, 0.5, 0.5, 0.5, 0.5, 1.0, 1, 0.94, 1, 1, 1.0, 1.0, 1.0, 1.0, 0.49, 0.49, 0.49, 1.0, 1.0, 1.0, 1.0, 1.0, 0, 1, 1.0, 1.0, 1.0]], [1, 1], [[0.022283494472503662, 0.9777165055274963], [0.013318896293640137, 0.9866811037063599]]]}