{"0": [[[1.0, 1.0, 1.0, 1.0, 1.0, 1.0, 0.98, 0, 1.0, 0, 0, 0.71, 0.71, 1.0, 1.0, 1.0, 1.0, 1.0, 1.0, 0.87, 1.0, 1.0, 1.0, 0.99]], [1], [[0.0037741661071777344, 0.9962258338928223]]], "1": [[[1.0, 1.0, 1.0, 1.0, 0.5, 0.5, 0.98, 0, 1.0, 0, 0, 0.71, 0.71, 1.0, 1.0, 1.0, 1.0, 1.0, 1.0, 0.87, 1.0, 1.0, 1.0, 0.99], [0.49, 0.5, 0.5, 0.5, 0.5, 0.5, 0.89, 0, 1.0, 0, 0, 0.71, 0.71, 0.9, 1.0, 0.49, 0.49, 0.49, 1.0, 0.87, 1.0, 0.9, 0.91, 0.9]], [1, 0], [[0.017653226852416992, 0.982346773147583], [0.6873015761375427, 0.3126984238624573]]], "2": [[[1.0, 1.0, 1.0, 1.0, 0.67, 0.5, 0.98, 0, 1.0, 0, 0, 0.71, 0.71, 1.0, 1.0, 1.0, 1.0, 1.0, 1.0, 0.87, 1.0, 1.0, 1.0, 0.99], [0.49, 0.5, 0.5, 0.5, 0.33, 0.5, 0.89, 0, 1.0, 0, 0, 0.71, 0.71, 0.9, 1.0, 0.49, 0.49, 0.49, 1.0, 0.87, 1.0, 0.9, 0.91, 0.9]], [1, 0], [[0.009601712226867676, 0.9903982877731323], [0.8150720596313477, 0.18492791056632996]]], "3": [[[1.0, 1.0, 1.0, 1.0, 0.5, 0.5, 1.0, 1, 0.87, 1, 1, 1.0, 1.0, 1.0, 1.0, 1.0, 1.0, 1.0, 1.0, 1.0, 1.0, 1.0, 1.0, 1.0], [0.49, 0.5, 0.5, 0.5, 0.5, 0.5, 1.0, 1, 0.94, 1, 1, 1.0, 1.0, 1.0, 1.0, 0.49, 0.49, 0.49, 1.0, 1.0, 1.0, 1.0, 1.0, 1.0]], [1, 1], [[0.003252744674682617, 0.9967472553253174], [0.004583954811096191, 0.9954160451889038]]], "4": [[[1.0, 1.0, 1.0, 1.0, 1.0, 1.0, 0.99, 0, 1.0, 0, 0, 0.71, 0.71, 1.0, 1.0, 1.0, 1.0, 1.0, 1.0, 0.87, 1.0, 1.0, 1.0, 0.99]], [1], [[0.005561232566833496, 0.9944387674331665]]], "5": [[[1.0, 1.0, 1.0, 1.0, 0.5, 0.5, 0.99, 0, 1.0, 0, 0, 0.71, 0.71, 1.0, 1.0, 1.0, 1.0, 1.0, 1.0, 0.87, 1.0, 1.0, 1.0, 0.99], [0.49, 0.5, 0.5, 0.5, 0.5, 0.5, 0.93, 0, 1.0, 0, 0, 0.71, 0.71, 0.9, 1.0, 0.49, 0.49, 0.49, 1.0, 0.87, 1.0, 0.9, 0.92, 0.92]], [1, 0], [[0.011277079582214355, 0.9887229204177856], [0.5307607054710388, 0.4692392945289612]]], "6": [[[1.0, 1.0, 1.0, 1.0, 0.67, 0.5, 0.99, 0, 1.0, 0, 0, 0.71, 0.71, 1.0, 1.0, 1.0, 1.0, 1.0, 1.0, 0.87, 1.0, 1.0, 1.0, 0.99], [0.49, 0.5, 0.5, 0.5, 0.33, 0.5, 0.93, 0, 1.0, 0, 0, 0.71, 0.71, 0.9, 1.0, 0.49, 0.49, 0.49, 1.0, 0.87, 1.0, 0.9, 0.92, 0.92]], [1, 0], [[0.009252429008483887, 0.9907475709915161], [0.72032630443573, 0.2796737253665924]]], "7": [[[1.0, 1.0, 1.0, 1.0, 0.5, 0.5, 1.0, 1, 0.87, 1, 1, 1.0, 1.0, 1.0, 1.0, 1.0, 1.0, 1.0, 1.0, 1.0, 1.0, 1.0, 1.0, 1.0], [0.49, 0.5, 0.5, 0.5, 0.5, 0.5, 1.0, 1, 0.94, 1, 1, 1.0, 1.0, 1.0, 1.0, 0.49, 0.49, 0.49, 1.0, 1.0, 1.0, 1.0, 1.0, 1.0]], [1, 1], [[0.0030539631843566895, 0.9969460368156433], [0.005693495273590088, 0.9943065047264099]]]}