{"0": [[[1.0, 1.0, 1.0, 1.0, 1.0, 1.0, 0.98, 0, 1.0, 0, 0, 0.82, 0.58, 1.0, 0.0, 1.0, 1.0, 1.0, 1.0, 1.0, 1, 0.89, 1.0, 1.0, 1, 1, 1, 0, 0, 0.66, 0.34, 0.29, 0.0]], [1], [[0.017882168292999268, 0.9821178317070007]]], "1": [[[1.0, 1.0, 1.0, 1.0, 0.5, 0.5, 0.98, 0, 1.0, 0, 0, 0.82, 0.87, 1.0, 1.0, 1.0, 1.0, 1.0, 1.0, 1.0, 1, 0.89, 1.0, 1.0, 1, 1, 1, 0, 0, 0.66, 0.34, 0.58, 1.0], [0.49, 0.5, 0.5, 0.5, 0.5, 0.5, 0.89, 0, 1.0, 0, 0, 0.82, 0.58, 0.9, 0.0, 0.49, 0.49, 0.49, 1.0, 1.0, 1, 0.89, 0.89, 0.9, 0, 1, 0, 1, 0, 0.23, 0.24, 0.29, 0.0]], [1, 0], [[0.1693631410598755, 0.8306368589401245], [0.8778998851776123, 0.12210014462471008]]], "2": [[[1.0, 1.0, 1.0, 1.0, 0.67, 0.5, 0.98, 0, 1.0, 0, 0, 0.82, 0.87, 1.0, 1.0, 1.0, 1.0, 1.0, 1.0, 1.0, 1, 0.89, 1.0, 1.0, 1, 1, 1, 0, 0, 0.66, 0.34, 0.58, 1.0], [0.49, 0.5, 0.5, 0.5, 0.33, 0.5, 0.89, 0, 1.0, 0, 0, 0.82, 0.58, 0.9, 0.0, 0.49, 0.49, 0.49, 1.0, 1.0, 1, 0.89, 0.89, 0.9, 0, 1, 0, 1, 0, 0.23, 0.24, 0.29, 0.0]], [1, 0], [[0.10128015279769897, 0.898719847202301], [0.8877457976341248, 0.11225420981645584]]], "3": [[[1.0, 1.0, 1.0, 1.0, 0.5, 0.5, 1.0, 1, 0.87, 1, 1, 1.0, 1.0, 1.0, 1.0, 1.0, 1.0, 1.0, 1.0, 0.0, 1, 1.0, 1.0, 1.0, 1, 1, 1, 0, 0, 0.96, 1.0, 1.0, 0.0], [0.49, 0.5, 0.5, 0.5, 0.5, 0.5, 1.0, 1, 0.94, 1, 1, 1.0, 1.0, 1.0, 1.0, 0.49, 0.49, 0.49, 1.0, 1.0, 1, 1.0, 1.0, 1.0, 0, 1, 0, 1, 0, 0.0, 1.0, 1.0, 1.0]], [1, 1], [[0.006673336029052734, 0.9933266639709473], [0.01192706823348999, 0.98807293176651]]], "4": [[[1.0, 1.0, 1.0, 1.0, 1.0, 1.0, 0.98, 0, 1.0, 0, 0, 0.82, 0.58, 1.0, 0.0, 1.0, 1.0, 1.0, 1.0, 1.0, 0, 0.89, 1.0, 1.0, 1, 1, 1, 0, 0, 0.66, 0.34, 0.29, 0.0]], [1], [[0.01642155647277832, 0.9835784435272217]]], "5": [[[1.0, 1.0, 1.0, 1.0, 0.5, 0.5, 0.99, 0, 1.0, 0, 0, 0.82, 0.87, 1.0, 1.0, 1.0, 1.0, 1.0, 1.0, 1.0, 0, 0.89, 1.0, 1.0, 1, 1, 1, 0, 0, 0.66, 0.34, 0.58, 1.0], [0.49, 0.5, 0.5, 0.5, 0.5, 0.5, 0.93, 0, 1.0, 0, 0, 0.82, 0.58, 0.9, 0.0, 0.49, 0.49, 0.49, 1.0, 1.0, 0, 0.89, 0.89, 0.9, 0, 1, 0, 1, 0, 0.23, 0.24, 0.29, 0.0]], [1, 0], [[0.15702635049819946, 0.8429736495018005], [0.8579244017601013, 0.14207559823989868]]], "6": [[[1.0, 1.0, 1.0, 1.0, 0.67, 0.5, 0.99, 0, 1.0, 0, 0, 0.82, 0.87, 1.0, 1.0, 1.0, 1.0, 1.0, 1.0, 1.0, 0, 0.89, 1.0, 1.0, 1, 1, 1, 0, 0, 0.66, 0.34, 0.58, 1.0], [0.49, 0.5, 0.5, 0.5, 0.33, 0.5, 0.93, 0, 1.0, 0, 0, 0.82, 0.58, 0.9, 0.0, 0.49, 0.49, 0.49, 1.0, 1.0, 0, 0.89, 0.89, 0.9, 0, 1, 0, 1, 0, 0.23, 0.24, 0.29, 0.0]], [1, 0], [[0.09334534406661987, 0.9066546559333801], [0.8719190955162048, 0.12808091938495636]]], "7": [[[1.0, 1.0, 1.0, 1.0, 0.5, 0.5, 1.0, 1, 0.87, 1, 1, 1.0, 1.0, 1.0, 1.0, 1.0, 1.0, 1.0, 1.0, 0.0, 0, 1.0, 1.0, 1.0, 1, 1, 1, 0, 0, 0.96, 1.0, 1.0, 0.0], [0.49, 0.5, 0.5, 0.5, 0.5, 0.5, 1.0, 1, 0.94, 1, 1, 1.0, 1.0, 1.0, 1.0, 0.49, 0.49, 0.49, 1.0, 1.0, 0, 1.0, 1.0, 1.0, 0, 1, 0, 1, 0, 0.0, 1.0, 1.0, 1.0]], [1, 1], [[0.006498754024505615, 0.9935012459754944], [0.010925114154815674, 0.9890748858451843]]]}