{"0": [[[1.0, 1.0, 1.0, 1.0, 1.0, 1.0, 0.98, 0.0, 1.0, 0.0, 0.0, 0.82, 0.58, 1.0, 0.0, 1.0, 1.0, 1.0, 1.0, 1.0, 1.0, 0.89, 1.0, 1.0, 1.0, 1.0, 1.0, 0.0, 0.0, 0.66, 1.0, 0.29, 0.0, 1.0, 1.0, 0.0, 0.88]], [1], [[0.010030806064605713, 0.9899691939353943]]], "1": [[[1.0, 1.0, 1.0, 1.0, 0.5, 0.5, 0.99, 0.0, 1.0, 0.0, 0.0, 0.82, 0.87, 1.0, 1.0, 1.0, 1.0, 1.0, 1.0, 1.0, 1.0, 0.89, 1.0, 1.0, 1.0, 1.0, 1.0, 0.0, 0.0, 0.66, 1.0, 0.58, 1.0, 0.5, 0.0, 1.0, 1.0], [0.49, 0.5, 0.5, 0.5, 0.5, 0.5, 0.93, 0.0, 1.0, 0.0, 0.0, 0.82, 0.58, 0.9, 0.0, 0.49, 0.49, 0.49, 1.0, 1.0, 1.0, 0.89, 0.89, 0.9, 0.0, 1.0, 0.0, 1.0, 0.0, 0.23, 0.76, 0.29, 0.0, 1.0, 1.0, 0.0, 0.88]], [1, 0], [[0.2188665270805359, 0.7811334729194641], [0.6922745108604431, 0.3077254891395569]]], "2": [[[1.0, 1.0, 1.0, 1.0, 0.67, 0.5, 0.99, 0.0, 1.0, 0.0, 0.0, 0.82, 0.87, 1.0, 1.0, 1.0, 1.0, 1.0, 1.0, 1.0, 1.0, 0.89, 1.0, 1.0, 1.0, 1.0, 1.0, 0.0, 0.0, 0.66, 1.0, 0.58, 1.0, 0.5, 0.0, 1.0, 1.0], [0.49, 0.5, 0.5, 0.5, 0.33, 0.5, 0.93, 0.0, 1.0, 0.0, 0.0, 0.82, 0.58, 0.9, 0.0, 0.49, 0.49, 0.49, 1.0, 1.0, 1.0, 0.89, 0.89, 0.9, 0.0, 1.0, 0.0, 1.0, 0.0, 0.23, 0.76, 0.29, 0.0, 1.0, 1.0, 0.0, 0.88]], [1, 0], [[0.1943489909172058, 0.8056510090827942], [0.7429485321044922, 0.2570514678955078]]], "3": [[[1.0, 1.0, 1.0, 1.0, 0.5, 0.5, 1.0, 1.0, 0.87, 1.0, 1.0, 1.0, 1.0, 1.0, 1.0, 1.0, 1.0, 1.0, 1.0, 0.0, 1.0, 1.0, 1.0, 1.0, 1.0, 1.0, 1.0, 0.0, 0.0, 0.96, 1.0, 1.0, 0.0, 0.5, 0.0, 1.0, 1.0], [0.49, 0.5, 0.5, 0.5, 0.5, 0.5, 1.0, 1.0, 0.94, 1.0, 1.0, 1.0, 1.0, 1.0, 1.0, 0.49, 0.49, 0.49, 1.0, 1.0, 1.0, 1.0, 1.0, 1.0, 0.0, 1.0, 0.0, 1.0, 0.0, 0.0, 1.0, 1.0, 1.0, 0.5, 0.0, 1.0, 1.0]], [1, 1], [[0.019038140773773193, 0.9809618592262268], [0.029199540615081787, 0.9708004593849182]]], "4": [[[1.0, 1.0, 1.0, 1.0, 1.0, 1.0, 0.98, 0.0, 1.0, 0.0, 0.0, 0.82, 0.58, 1.0, 0.0, 1.0, 1.0, 1.0, 1.0, 1.0, 0.0, 0.89, 1.0, 1.0, 1.0, 1.0, 1.0, 0.0, 0.0, 0.66, 1.0, 0.29, 0.0, 1.0, 1.0, 0.0, 0.88]], [1], [[0.008761823177337646, 0.9912381768226624]]], "5": [[[1.0, 1.0, 1.0, 1.0, 0.5, 0.5, 0.99, 0.0, 1.0, 0.0, 0.0, 0.82, 0.87, 1.0, 1.0, 1.0, 1.0, 1.0, 1.0, 1.0, 0.0, 0.89, 1.0, 1.0, 1.0, 1.0, 1.0, 0.0, 0.0, 0.66, 1.0, 0.58, 1.0, 0.5, 0.0, 1.0, 1.0], [0.49, 0.5, 0.5, 0.5, 0.5, 0.5, 0.93, 0.0, 1.0, 0.0, 0.0, 0.82, 0.58, 0.9, 0.0, 0.49, 0.49, 0.49, 1.0, 1.0, 0.0, 0.89, 0.89, 0.9, 0.0, 1.0, 0.0, 1.0, 0.0, 0.23, 0.76, 0.29, 0.0, 1.0, 1.0, 0.0, 0.88]], [1, 0], [[0.17773652076721191, 0.8222634792327881], [0.6521129608154297, 0.3478870093822479]]], "6": [[[1.0, 1.0, 1.0, 1.0, 0.67, 0.5, 0.99, 0.0, 1.0, 0.0, 0.0, 0.82, 0.87, 1.0, 1.0, 1.0, 1.0, 1.0, 1.0, 1.0, 0.0, 0.89, 1.0, 1.0, 1.0, 1.0, 1.0, 0.0, 0.0, 0.66, 1.0, 0.58, 1.0, 0.5, 0.0, 1.0, 1.0], [0.49, 0.5, 0.5, 0.5, 0.33, 0.5, 0.93, 0.0, 1.0, 0.0, 0.0, 0.82, 0.58, 0.9, 0.0, 0.49, 0.49, 0.49, 1.0, 1.0, 0.0, 0.89, 0.89, 0.9, 0.0, 1.0, 0.0, 1.0, 0.0, 0.23, 0.76, 0.29, 0.0, 1.0, 1.0, 0.0, 0.88]], [1, 0], [[0.15690088272094727, 0.8430991172790527], [0.7061748504638672, 0.2938251197338104]]], "7": [[[1.0, 1.0, 1.0, 1.0, 0.5, 0.5, 1.0, 1.0, 0.87, 1.0, 1.0, 1.0, 1.0, 1.0, 1.0, 1.0, 1.0, 1.0, 1.0, 0.0, 0.0, 1.0, 1.0, 1.0, 1.0, 1.0, 1.0, 0.0, 0.0, 0.96, 1.0, 1.0, 0.0, 0.5, 0.0, 1.0, 1.0], [0.49, 0.5, 0.5, 0.5, 0.5, 0.5, 1.0, 1.0, 0.94, 1.0, 1.0, 1.0, 1.0, 1.0, 1.0, 0.49, 0.49, 0.49, 1.0, 1.0, 0.0, 1.0, 1.0, 1.0, 0.0, 1.0, 0.0, 1.0, 0.0, 0.0, 1.0, 1.0, 1.0, 0.5, 0.0, 1.0, 1.0]], [1, 1], [[0.01771831512451172, 0.9822816848754883], [0.02683401107788086, 0.9731659889221191]]]}