{"0": [[[1.0, 1.0, 1.0, 1.0, 1.0, 1.0, 0.98, 0, 1.0, 0, 0, 0.71, 0.71, 1.0, 1.0, 1.0, 1.0, 1.0, 1.0, 1.0, 0.87, 1.0, 1.0, 1, 1, 1.0, 0.0]], [1], [[0.008283793926239014, 0.991716206073761]]], "1": [[[1.0, 1.0, 1.0, 1.0, 0.5, 0.5, 0.98, 0, 1.0, 0, 0, 0.71, 0.71, 1.0, 1.0, 1.0, 1.0, 1.0, 1.0, 1.0, 0.87, 1.0, 1.0, 1, 1, 1.0, 0.0], [0.49, 0.5, 0.5, 0.5, 0.5, 0.5, 0.89, 0, 1.0, 0, 0, 0.71, 0.71, 0.9, 1.0, 0.49, 0.49, 0.49, 1.0, 1.0, 0.87, 1.0, 0.9, 0, 1, 0.76, 0.0]], [1, 0], [[0.09317147731781006, 0.9068285226821899], [0.7545323967933655, 0.24546760320663452]]], "2": [[[1.0, 1.0, 1.0, 1.0, 0.67, 0.5, 0.98, 0, 1.0, 0, 0, 0.71, 0.71, 1.0, 1.0, 1.0, 1.0, 1.0, 1.0, 1.0, 0.87, 1.0, 1.0, 1, 1, 1.0, 0.0], [0.49, 0.5, 0.5, 0.5, 0.33, 0.5, 0.89, 0, 1.0, 0, 0, 0.71, 0.71, 0.9, 1.0, 0.49, 0.49, 0.49, 1.0, 1.0, 0.87, 1.0, 0.9, 0, 1, 0.76, 0.0]], [1, 0], [[0.09154129028320312, 0.9084587097167969], [0.8181995153427124, 0.1818004697561264]]], "3": [[[1.0, 1.0, 1.0, 1.0, 0.5, 0.5, 1.0, 1, 0.87, 1, 1, 1.0, 1.0, 1.0, 1.0, 1.0, 1.0, 1.0, 1.0, 0.0, 1.0, 1.0, 1.0, 1, 1, 1.0, 1.0], [0.49, 0.5, 0.5, 0.5, 0.5, 0.5, 1.0, 1, 0.94, 1, 1, 1.0, 1.0, 1.0, 1.0, 0.49, 0.49, 0.49, 1.0, 1.0, 1.0, 1.0, 1.0, 0, 1, 1.0, 1.0]], [1, 1], [[0.019347190856933594, 0.9806528091430664], [0.01651841402053833, 0.9834815859794617]]], "4": [[[1.0, 1.0, 1.0, 1.0, 1.0, 1.0, 0.99, 0, 1.0, 0, 0, 0.71, 0.71, 1.0, 1.0, 1.0, 1.0, 1.0, 1.0, 1.0, 0.87, 1.0, 1.0, 1, 1, 1.0, 0.0]], [1], [[0.008283793926239014, 0.991716206073761]]], "5": [[[1.0, 1.0, 1.0, 1.0, 0.5, 0.5, 0.99, 0, 1.0, 0, 0, 0.71, 0.71, 1.0, 1.0, 1.0, 1.0, 1.0, 1.0, 1.0, 0.87, 1.0, 1.0, 1, 1, 1.0, 0.0], [0.49, 0.5, 0.5, 0.5, 0.5, 0.5, 0.93, 0, 1.0, 0, 0, 0.71, 0.71, 0.9, 1.0, 0.49, 0.49, 0.49, 1.0, 1.0, 0.87, 1.0, 0.9, 0, 1, 0.76, 0.0]], [1, 0], [[0.09317147731781006, 0.9068285226821899], [0.7542698979377747, 0.24573011696338654]]], "6": [[[1.0, 1.0, 1.0, 1.0, 0.67, 0.5, 0.99, 0, 1.0, 0, 0, 0.71, 0.71, 1.0, 1.0, 1.0, 1.0, 1.0, 1.0, 1.0, 0.87, 1.0, 1.0, 1, 1, 1.0, 0.0], [0.49, 0.5, 0.5, 0.5, 0.33, 0.5, 0.93, 0, 1.0, 0, 0, 0.71, 0.71, 0.9, 1.0, 0.49, 0.49, 0.49, 1.0, 1.0, 0.87, 1.0, 0.9, 0, 1, 0.76, 0.0]], [1, 0], [[0.09154129028320312, 0.9084587097167969], [0.8181995153427124, 0.1818004697561264]]], "7": [[[1.0, 1.0, 1.0, 1.0, 0.5, 0.5, 1.0, 1, 0.87, 1, 1, 1.0, 1.0, 1.0, 1.0, 1.0, 1.0, 1.0, 1.0, 0.0, 1.0, 1.0, 1.0, 1, 1, 1.0, 1.0], [0.49, 0.5, 0.5, 0.5, 0.5, 0.5, 1.0, 1, 0.94, 1, 1, 1.0, 1.0, 1.0, 1.0, 0.49, 0.49, 0.49, 1.0, 1.0, 1.0, 1.0, 1.0, 0, 1, 1.0, 1.0]], [1, 1], [[0.019347190856933594, 0.9806528091430664], [0.01651841402053833, 0.9834815859794617]]]}