{"0": [[[1.0, 1.0, 1.0, 1.0, 1.0, 1.0, 0.98, 0, 1.0, 0, 0, 0.82, 0.58, 1.0, 0.0, 1.0, 1.0, 1.0, 1.0, 1.0, 1, 0.89, 1.0, 1.0, 1, 1, 1, 0, 0, 0.66, 1.0, 0.29, 0.0, 1.0, 1]], [1], [[0.037170588970184326, 0.9628294110298157]]], "1": [[[1.0, 1.0, 1.0, 1.0, 0.5, 0.5, 0.98, 0, 1.0, 0, 0, 0.82, 0.87, 1.0, 1.0, 1.0, 1.0, 1.0, 1.0, 1.0, 1, 0.89, 1.0, 1.0, 1, 1, 1, 0, 0, 0.66, 1.0, 0.58, 1.0, 0.5, 0], [0.49, 0.5, 0.5, 0.5, 0.5, 0.5, 0.89, 0, 1.0, 0, 0, 0.82, 0.58, 0.9, 0.0, 0.49, 0.49, 0.49, 1.0, 1.0, 1, 0.89, 0.89, 0.9, 0, 1, 0, 1, 0, 0.23, 0.76, 0.29, 0.0, 1.0, 1]], [1, 0], [[0.1762048602104187, 0.8237951397895813], [0.6328412294387817, 0.3671587407588959]]], "2": [[[1.0, 1.0, 1.0, 1.0, 0.67, 0.5, 0.98, 0, 1.0, 0, 0, 0.82, 0.87, 1.0, 1.0, 1.0, 1.0, 1.0, 1.0, 1.0, 1, 0.89, 1.0, 1.0, 1, 1, 1, 0, 0, 0.66, 1.0, 0.58, 1.0, 0.5, 0], [0.49, 0.5, 0.5, 0.5, 0.33, 0.5, 0.89, 0, 1.0, 0, 0, 0.82, 0.58, 0.9, 0.0, 0.49, 0.49, 0.49, 1.0, 1.0, 1, 0.89, 0.89, 0.9, 0, 1, 0, 1, 0, 0.23, 0.76, 0.29, 0.0, 1.0, 1]], [1, 0], [[0.15345317125320435, 0.8465468287467957], [0.7105035185813904, 0.2894964814186096]]], "3": [[[1.0, 1.0, 1.0, 1.0, 0.5, 0.5, 1.0, 1, 0.87, 1, 1, 1.0, 1.0, 1.0, 1.0, 1.0, 1.0, 1.0, 1.0, 0.0, 1, 1.0, 1.0, 1.0, 1, 1, 1, 0, 0, 0.96, 1.0, 1.0, 0.0, 0.5, 0], [0.49, 0.5, 0.5, 0.5, 0.5, 0.5, 1.0, 1, 0.94, 1, 1, 1.0, 1.0, 1.0, 1.0, 0.49, 0.49, 0.49, 1.0, 1.0, 1, 1.0, 1.0, 1.0, 0, 1, 0, 1, 0, 0.0, 1.0, 1.0, 1.0, 0.5, 0]], [1, 1], [[0.012206733226776123, 0.9877932667732239], [0.03252297639846802, 0.967477023601532]]], "4": [[[1.0, 1.0, 1.0, 1.0, 1.0, 1.0, 0.98, 0, 1.0, 0, 0, 0.82, 0.58, 1.0, 0.0, 1.0, 1.0, 1.0, 1.0, 1.0, 0, 0.89, 1.0, 1.0, 1, 1, 1, 0, 0, 0.66, 1.0, 0.29, 0.0, 1.0, 1]], [1], [[0.03527885675430298, 0.964721143245697]]], "5": [[[1.0, 1.0, 1.0, 1.0, 0.5, 0.5, 0.99, 0, 1.0, 0, 0, 0.82, 0.87, 1.0, 1.0, 1.0, 1.0, 1.0, 1.0, 1.0, 0, 0.89, 1.0, 1.0, 1, 1, 1, 0, 0, 0.66, 1.0, 0.58, 1.0, 0.5, 0], [0.49, 0.5, 0.5, 0.5, 0.5, 0.5, 0.93, 0, 1.0, 0, 0, 0.82, 0.58, 0.9, 0.0, 0.49, 0.49, 0.49, 1.0, 1.0, 0, 0.89, 0.89, 0.9, 0, 1, 0, 1, 0, 0.23, 0.76, 0.29, 0.0, 1.0, 1]], [1, 0], [[0.16974210739135742, 0.8302578926086426], [0.5828804969787598, 0.41711947321891785]]], "6": [[[1.0, 1.0, 1.0, 1.0, 0.67, 0.5, 0.99, 0, 1.0, 0, 0, 0.82, 0.87, 1.0, 1.0, 1.0, 1.0, 1.0, 1.0, 1.0, 0, 0.89, 1.0, 1.0, 1, 1, 1, 0, 0, 0.66, 1.0, 0.58, 1.0, 0.5, 0], [0.49, 0.5, 0.5, 0.5, 0.33, 0.5, 0.93, 0, 1.0, 0, 0, 0.82, 0.58, 0.9, 0.0, 0.49, 0.49, 0.49, 1.0, 1.0, 0, 0.89, 0.89, 0.9, 0, 1, 0, 1, 0, 0.23, 0.76, 0.29, 0.0, 1.0, 1]], [1, 0], [[0.1476752758026123, 0.8523247241973877], [0.6693257093429565, 0.33067432045936584]]], "7": [[[1.0, 1.0, 1.0, 1.0, 0.5, 0.5, 1.0, 1, 0.87, 1, 1, 1.0, 1.0, 1.0, 1.0, 1.0, 1.0, 1.0, 1.0, 0.0, 0, 1.0, 1.0, 1.0, 1, 1, 1, 0, 0, 0.96, 1.0, 1.0, 0.0, 0.5, 0], [0.49, 0.5, 0.5, 0.5, 0.5, 0.5, 1.0, 1, 0.94, 1, 1, 1.0, 1.0, 1.0, 1.0, 0.49, 0.49, 0.49, 1.0, 1.0, 0, 1.0, 1.0, 1.0, 0, 1, 0, 1, 0, 0.0, 1.0, 1.0, 1.0, 0.5, 0]], [1, 1], [[0.011900186538696289, 0.9880998134613037], [0.029788494110107422, 0.9702115058898926]]]}