{"0": [[[1.0, 1.0, 1.0, 1.0, 1.0, 1.0, 0.98, 0.0, 1.0, 0.0, 0.0, 0.82, 0.58, 1.0, 0.0, 1.0, 1.0, 1.0, 1.0, 1.0, 1.0, 0.89, 1.0, 1.0, 1.0, 1.0, 1.0, 0.0, 0.0, 0.66, 1.0, 0.29, 0.0, 1.0, 1.0, 0.0, 1.0, 1.0, 1.0]], [1], [[0.012087523937225342, 0.9879124760627747]]], "1": [[[1.0, 1.0, 1.0, 1.0, 0.5, 0.5, 0.99, 0.0, 1.0, 0.0, 0.0, 0.82, 0.87, 1.0, 1.0, 1.0, 1.0, 1.0, 1.0, 1.0, 1.0, 0.89, 1.0, 1.0, 1.0, 1.0, 1.0, 0.0, 0.0, 0.66, 1.0, 0.58, 1.0, 0.5, 0.0, 1.0, 0.82, 1.0, 1.0], [0.49, 0.5, 0.5, 0.5, 0.5, 0.5, 0.93, 0.0, 1.0, 0.0, 0.0, 0.82, 0.58, 0.9, 0.0, 0.49, 0.49, 0.49, 1.0, 1.0, 1.0, 0.89, 0.89, 0.9, 0.0, 1.0, 0.0, 1.0, 0.0, 0.23, 0.76, 0.29, 0.0, 1.0, 1.0, 0.0, 0.82, 1.0, 1.0]], [1, 0], [[0.16119349002838135, 0.8388065099716187], [0.6774561405181885, 0.3225438892841339]]], "2": [[[1.0, 1.0, 1.0, 1.0, 0.67, 0.5, 0.99, 0.0, 1.0, 0.0, 0.0, 0.82, 0.87, 1.0, 1.0, 1.0, 1.0, 1.0, 1.0, 1.0, 1.0, 0.89, 1.0, 1.0, 1.0, 1.0, 1.0, 0.0, 0.0, 0.66, 1.0, 0.58, 1.0, 0.5, 0.0, 1.0, 0.82, 1.0, 2.0], [0.49, 0.5, 0.5, 0.5, 0.33, 0.5, 0.93, 0.0, 1.0, 0.0, 0.0, 0.82, 0.58, 0.9, 0.0, 0.49, 0.49, 0.49, 1.0, 1.0, 1.0, 0.89, 0.89, 0.9, 0.0, 1.0, 0.0, 1.0, 0.0, 0.23, 0.76, 0.29, 0.0, 1.0, 1.0, 0.0, 0.82, 0.5, 2.0]], [1, 0], [[0.14425957202911377, 0.8557404279708862], [0.6713194847106934, 0.32868054509162903]]], "3": [[[1.0, 1.0, 1.0, 1.0, 0.5, 0.5, 1.0, 1.0, 0.87, 1.0, 1.0, 1.0, 1.0, 1.0, 1.0, 1.0, 1.0, 1.0, 1.0, 0.0, 1.0, 1.0, 1.0, 1.0, 1.0, 1.0, 1.0, 0.0, 0.0, 0.96, 1.0, 1.0, 0.0, 0.5, 0.0, 1.0, 1.0, 1.0, 1.0], [0.49, 0.5, 0.5, 0.5, 0.5, 0.5, 1.0, 1.0, 0.94, 1.0, 1.0, 1.0, 1.0, 1.0, 1.0, 0.49, 0.49, 0.49, 1.0, 1.0, 1.0, 1.0, 1.0, 1.0, 0.0, 1.0, 0.0, 1.0, 0.0, 0.0, 1.0, 1.0, 1.0, 0.5, 0.0, 1.0, 0.82, 1.0, 1.0]], [1, 1], [[0.018821418285369873, 0.9811785817146301], [0.040117859840393066, 0.9598821401596069]]], "4": [[[1.0, 1.0, 1.0, 1.0, 1.0, 1.0, 0.98, 0.0, 1.0, 0.0, 0.0, 0.82, 0.58, 1.0, 0.0, 1.0, 1.0, 1.0, 1.0, 1.0, 0.0, 0.89, 1.0, 1.0, 1.0, 1.0, 1.0, 0.0, 0.0, 0.66, 1.0, 0.29, 0.0, 1.0, 1.0, 0.0, 1.0, 1.0, 1.0]], [1], [[0.011705994606018066, 0.9882940053939819]]], "5": [[[1.0, 1.0, 1.0, 1.0, 0.5, 0.5, 0.99, 0.0, 1.0, 0.0, 0.0, 0.82, 0.87, 1.0, 1.0, 1.0, 1.0, 1.0, 1.0, 1.0, 0.0, 0.89, 1.0, 1.0, 1.0, 1.0, 1.0, 0.0, 0.0, 0.66, 1.0, 0.58, 1.0, 0.5, 0.0, 1.0, 0.82, 1.0, 1.0], [0.49, 0.5, 0.5, 0.5, 0.5, 0.5, 0.93, 0.0, 1.0, 0.0, 0.0, 0.82, 0.58, 0.9, 0.0, 0.49, 0.49, 0.49, 1.0, 1.0, 0.0, 0.89, 0.89, 0.9, 0.0, 1.0, 0.0, 1.0, 0.0, 0.23, 0.76, 0.29, 0.0, 1.0, 1.0, 0.0, 0.82, 1.0, 1.0]], [1, 0], [[0.14983981847763062, 0.8501601815223694], [0.6604180335998535, 0.3395819664001465]]], "6": [[[1.0, 1.0, 1.0, 1.0, 0.67, 0.5, 0.99, 0.0, 1.0, 0.0, 0.0, 0.82, 0.87, 1.0, 1.0, 1.0, 1.0, 1.0, 1.0, 1.0, 0.0, 0.89, 1.0, 1.0, 1.0, 1.0, 1.0, 0.0, 0.0, 0.66, 1.0, 0.58, 1.0, 0.5, 0.0, 1.0, 0.82, 1.0, 2.0], [0.49, 0.5, 0.5, 0.5, 0.33, 0.5, 0.93, 0.0, 1.0, 0.0, 0.0, 0.82, 0.58, 0.9, 0.0, 0.49, 0.49, 0.49, 1.0, 1.0, 0.0, 0.89, 0.89, 0.9, 0.0, 1.0, 0.0, 1.0, 0.0, 0.23, 0.76, 0.29, 0.0, 1.0, 1.0, 0.0, 0.82, 0.5, 2.0]], [1, 0], [[0.13201439380645752, 0.8679856061935425], [0.6584039926528931, 0.3415960371494293]]], "7": [[[1.0, 1.0, 1.0, 1.0, 0.5, 0.5, 1.0, 1.0, 0.87, 1.0, 1.0, 1.0, 1.0, 1.0, 1.0, 1.0, 1.0, 1.0, 1.0, 0.0, 0.0, 1.0, 1.0, 1.0, 1.0, 1.0, 1.0, 0.0, 0.0, 0.96, 1.0, 1.0, 0.0, 0.5, 0.0, 1.0, 1.0, 1.0, 1.0], [0.49, 0.5, 0.5, 0.5, 0.5, 0.5, 1.0, 1.0, 0.94, 1.0, 1.0, 1.0, 1.0, 1.0, 1.0, 0.49, 0.49, 0.49, 1.0, 1.0, 0.0, 1.0, 1.0, 1.0, 0.0, 1.0, 0.0, 1.0, 0.0, 0.0, 1.0, 1.0, 1.0, 0.5, 0.0, 1.0, 0.82, 1.0, 1.0]], [1, 1], [[0.018406152725219727, 0.9815938472747803], [0.03914523124694824, 0.9608547687530518]]]}