{"0": [[[1.0, 1.0, 1.0, 1.0, 1.0, 1.0, 0.98, 0, 1.0, 0, 0, 0.71, 0.71, 1.0, 1.0, 1.0, 1.0, 1.0]], [1], [[0.009666740894317627, 0.9903332591056824]]], "1": [[[1.0, 1.0, 1.0, 1.0, 0.5, 0.5, 0.98, 0, 1.0, 0, 0, 0.71, 0.71, 1.0, 1.0, 1.0, 1.0, 1.0], [0.49, 0.5, 0.5, 0.5, 0.5, 0.5, 0.89, 0, 1.0, 0, 0, 0.71, 0.71, 0.9, 1.0, 0.49, 0.49, 0.49]], [1, 0], [[0.010190963745117188, 0.9898090362548828], [0.7472522258758545, 0.2527477443218231]]], "2": [[[1.0, 1.0, 1.0, 1.0, 0.67, 0.5, 0.98, 0, 1.0, 0, 0, 0.71, 0.71, 1.0, 1.0, 1.0, 1.0, 1.0], [0.49, 0.5, 0.5, 0.5, 0.33, 0.5, 0.89, 0, 1.0, 0, 0, 0.71, 0.71, 0.9, 1.0, 0.49, 0.49, 0.49]], [1, 0], [[0.010190963745117188, 0.9898090362548828], [0.7472522258758545, 0.2527477443218231]]], "3": [[[1.0, 1.0, 1.0, 1.0, 0.5, 0.5, 1.0, 1, 0.87, 1, 1, 1.0, 1.0, 1.0, 1.0, 1.0, 1.0, 1.0], [0.49, 0.5, 0.5, 0.5, 0.5, 0.5, 1.0, 1, 0.94, 1, 1, 1.0, 1.0, 1.0, 1.0, 0.49, 0.49, 0.49]], [1, 1], [[0.0016766190528869629, 0.998323380947113], [0.004453420639038086, 0.9955465793609619]]], "4": [[[1.0, 1.0, 1.0, 1.0, 1.0, 1.0, 0.99, 0, 1.0, 0, 0, 0.71, 0.71, 1.0, 1.0, 1.0, 1.0, 1.0]], [1], [[0.012982189655303955, 0.987017810344696]]], "5": [[[1.0, 1.0, 1.0, 1.0, 0.5, 0.5, 0.99, 0, 1.0, 0, 0, 0.71, 0.71, 1.0, 1.0, 1.0, 1.0, 1.0], [0.49, 0.5, 0.5, 0.5, 0.5, 0.5, 0.93, 0, 1.0, 0, 0, 0.71, 0.71, 0.9, 1.0, 0.49, 0.49, 0.49]], [1, 0], [[0.012982189655303955, 0.987017810344696], [0.819802463054657, 0.18019752204418182]]], "6": [[[1.0, 1.0, 1.0, 1.0, 0.67, 0.5, 0.99, 0, 1.0, 0, 0, 0.71, 0.71, 1.0, 1.0, 1.0, 1.0, 1.0], [0.49, 0.5, 0.5, 0.5, 0.33, 0.5, 0.93, 0, 1.0, 0, 0, 0.71, 0.71, 0.9, 1.0, 0.49, 0.49, 0.49]], [1, 0], [[0.012982189655303955, 0.987017810344696], [0.819802463054657, 0.18019752204418182]]], "7": [[[1.0, 1.0, 1.0, 1.0, 0.5, 0.5, 1.0, 1, 0.87, 1, 1, 1.0, 1.0, 1.0, 1.0, 1.0, 1.0, 1.0], [0.49, 0.5, 0.5, 0.5, 0.5, 0.5, 1.0, 1, 0.94, 1, 1, 1.0, 1.0, 1.0, 1.0, 0.49, 0.49, 0.49]], [1, 1], [[0.002198636531829834, 0.9978013634681702], [0.0036935806274414062, 0.9963064193725586]]]}